,blockHash,blockNumber,confirmations,contractAddress,cumulativeGasUsed,from,gas,gasPrice,gasUsed,hash,input,isError,nonce,timeStamp,to,transactionIndex,value
0,0x739548e807a04493aa26effb87363e982be6aa24f18c3cb495a888b46f6bfbe1,988982,2351318,,154556,0xd1220a0cf47c7b9be7a2e6ba89f429762e7b9adb,136032,50000000000,36032,0x829a9cfc08a6bf5477a668b8f63a1af55c440225faaef396bf74785f5be2cb9b,0xa9059cbb00000000000000000000000015c817923774384362de9a3942287088087bf4270000000000000000000000000000000000000000000000000000000000000001,0,129,2016-02-11 18:24:18,0x89205a3a3b2a69de6dbf7f01ed13b2108b2c43e7,2,0.0
1,0x94812d8679c534eea536e13886ee06dba1ef85d9336a11ab4c041782282ec6c0,1055860,2284440,,140968,0xd3aae361172c802bc03ab6779a56afe15d3608c5,135968,50000000000,35968,0x4e8141f6e7c83136f01c8c08c066c7816527a48ef9064373bd75f3d21d5892e3,0xa9059cbb0000000000000000000000008f8a807120e2f0952b933c677610f21477c4e6b70000000000000000000000000000000000000000000000000000000000000000,0,2,2016-02-25 02:33:12,0x89205a3a3b2a69de6dbf7f01ed13b2108b2c43e7,5,0.0
2,0xf6495b72bb327e505e9415659ce34a54046231ad9d10ec646288b4bb6f4e2005,1127983,2212317,,99032,0x040b6d4ec327d5306b7a9a1e588b767c5cf56c6f,136032,20000000000,36032,0x96de1199efdffe55c1f9a0266b5938f93d7540f3a2984781a36ccd7673a09c68,0xa9059cbb000000000000000000000000dbaddbae610da85fa15a9f7e279d9a9d68b05c010000000000000000000000000000000000000000000000000000000000000001,0,2,2016-03-10 11:17:40,0x89205a3a3b2a69de6dbf7f01ed13b2108b2c43e7,3,0.0
3,0x8613f8d42d12488ddb8fd6d81390e3e284d29f4e8dc9e6f3cef481118d6bab65,1145423,2194877,,77968,0xadd312639142f2dccc435eafee676a00ec1e7b54,135968,32210200000,35968,0x60882bcfe9124870ba279214ea71a9fa68e99ffe77d345ea72a2f0cc07aae66d,0xa9059cbb0000000000000000000000004f4996f835a900eb460755fcb2628da157de2d190000000000000000000000000000000000000000000000000000000000000002,0,16,2016-03-13 21:08:19,0x89205a3a3b2a69de6dbf7f01ed13b2108b2c43e7,2,0.0
4,0xcacb3b369fa9a789d5dda9b5dec0975ad0b716ec19bc373a11da16295137a877,1145899,2194401,,120032,0x3c711a15d97782635c871f596725f5429e0d4e39,136032,20000000000,36032,0x8f7918fcec240a8db01a7e7a4754567d420fdc7bd8cfb8a6219aa1cc198897ab,0xa9059cbb000000000000000000000000150259226250cee0faea732bc7065d738b6053e90000000000000000000000000000000000000000000000000000000000000001,0,16,2016-03-13 23:22:00,0x89205a3a3b2a69de6dbf7f01ed13b2108b2c43e7,4,0.0
5,0xe79f7535d3eb16dad8973f5588a277109b3405d6f6348cf62914218b03c8beb7,1149184,2191116,,50968,0x198ef1ec325a96cc354c7266a038be8b5c558f67,150968,50000000000,50968,0xcab1f77553bdd64bb1e3749db7f9d4e273fca4f4e52423c1c67695c1fb41120d,0xa9059cbb0000000000000000000000008b2e1c78f60d4f92dbad9946f66b004a813ac7610000000000000000000000000000000000000000000000000000000000000002,0,31,2016-03-14 15:03:42,0x89205a3a3b2a69de6dbf7f01ed13b2108b2c43e7,0,0.0
6,0xf7f8697e9503c7241b7cb3dda07f0a6dca6217a5ced1bdf0935a62a2e9b9d5f4,1162339,2177961,,99032,0xdaaee6ec735c9baa569edda89b10137039666a67,136032,20649431018,36032,0x7eeb3a1904b54b15106698fba483006c4d6afbfb1231ad72af1f8f701b2439b0,0xa9059cbb00000000000000000000000027a6968e60c903dc75f001b6626560fb95fe400b0000000000000000000000000000000000000000000000000000000000000001,0,3,2016-03-16 20:50:33,0x89205a3a3b2a69de6dbf7f01ed13b2108b2c43e7,3,0.0
7,0x3727a9ca7795c3807dcb3980cab81c2350b080abdf127ace30bc9f295b801c94,1172945,2167355,,35968,0x198ef1ec325a96cc354c7266a038be8b5c558f67,135968,20000000000,35968,0x557ec3a4a6ad42daa2624b85c4ee4786a47beda86ff68618638b67a799843745,0xa9059cbb0000000000000000000000008b2e1c78f60d4f92dbad9946f66b004a813ac7610000000000000000000000000000000000000000000000000000000000000032,0,34,2016-03-18 15:07:11,0x89205a3a3b2a69de6dbf7f01ed13b2108b2c43e7,0,0.0
8,0x4b26960b1a56c933fae337bb293fef877c05abea255af90318eb4d6701580f95,1211216,2129084,,284340,0xd1220a0cf47c7b9be7a2e6ba89f429762e7b9adb,143220,20000000000,43220,0x130c39aaef276e3e121cddc41b5dfeb2434e001bc88800f52f269d2c3f3e05c8,0x095ea7b3000000000000000000000000c7e9ddd5358e08417b1c88ed6f1a73149beeaa320000000000000000000000000000000000000000000000000000000000000002,0,164,2016-03-24 23:05:49,0x89205a3a3b2a69de6dbf7f01ed13b2108b2c43e7,4,0.0
9,0xc2bcf19031fde99c662ceea165d43ca4d871ccc19f5500b9827d3d98c32950eb,1220785,2119515,,289552,0x93ef2e059e645708290a799a695b458e983448ef,136032,20000000000,36032,0x7ef924340bb294b45aa3e39c1998d8fdc8204a292a18a111f64f0621ae8dd247,0xa9059cbb000000000000000000000000170cb273d548f41a3ff35fadbf9db3716f44922d0000000000000000000000000000000000000000000000000000000000000001,0,2,2016-03-26 13:02:46,0x89205a3a3b2a69de6dbf7f01ed13b2108b2c43e7,4,0.0
10,0xfe953aa0ebb4bb5626a844a1dcc8fbe260764f7647760391b3cfb0fdf3568610,1230820,2109480,,72032,0xee37b6ba32e29f8281b2c0b9bd48313d2af9c113,151032,20000000000,51032,0x6464df6fcb2664ef1a981c02e8c4abe36fba783b9cd39add2fc6290a15fb2a91,0xa9059cbb0000000000000000000000001747de68ae74afa4e00f8ef79b9c875a339cda700000000000000000000000000000000000000000000000000000000000000001,0,31,2016-03-28 05:00:44,0x89205a3a3b2a69de6dbf7f01ed13b2108b2c43e7,1,0.0
11,0x89bf40e1873aa6d17a2fce4005ee1d536c21ca9bc5dd838464b6ee6d5ab604be,1232433,2107867,,142000,0x27b5fe0d0fef895bdf11ce792b5cbcc36e7094d1,121000,20000000000,121000,0xc73c2fe3ce25a4e0f82956d01cdeb638b234c3b7f67977828bc3dc646d944cb7,0x,1,6,2016-03-28 11:33:45,0x89205a3a3b2a69de6dbf7f01ed13b2108b2c43e7,1,5e+17
12,0xaa7e00adf02c7a598cb2207ef2c8442558717d37cbf7ea9395fd1af25087335d,1244020,2096280,,220311,0xe31dbd088ffa19765ef9bb731e4303b6f0a593a9,136032,20000000000,36032,0xe8ec45d84ea807e2fc799f5ddf12d5bb337ebe776906ee150cd37a08236208ad,0xa9059cbb000000000000000000000000464a96d561033a6d1d0d2e6962c59d0b5362d4060000000000000000000000000000000000000000000000000000000000000001,0,10,2016-03-30 09:15:03,0x89205a3a3b2a69de6dbf7f01ed13b2108b2c43e7,1,0.0
13,0x474649b37a8819055bcde78ea1ec8a404af0de835fe1faa78bf4aa58d3abf35f,1245687,2094613,,360244,0xa6e2e910515e6cf485462eeb6e454df33c60cb0e,121000,18181818181,121000,0xfd3afa73287fc3671146bccf8f13b91baf94964f61c230e2b8dc7963a15e3677,0x,1,16,2016-03-30 16:03:21,0x89205a3a3b2a69de6dbf7f01ed13b2108b2c43e7,11,9e+16
14,0xc787bb59589738752be2e89d2ccea1cea83973f173277f631144da2b36d37312,1245737,2094563,,140968,0x27a6968e60c903dc75f001b6626560fb95fe400b,135968,20000000000,35968,0xa9db99d79871f3519f69f26f47a111af26604834f06a4f5c818a0e62a9fb0e7f,0xa9059cbb000000000000000000000000a64b91c342ada90fa65a7379525fa1d3e1a048090000000000000000000000000000000000000000000000000000000000000000,0,10,2016-03-30 16:14:42,0x89205a3a3b2a69de6dbf7f01ed13b2108b2c43e7,5,0.0
15,0xd5b993878eab6acda5349753c9c4f8b5e15bd7906b44d66bdcf797f8ae506797,1245770,2094530,,35968,0x27a6968e60c903dc75f001b6626560fb95fe400b,135968,20000000000,35968,0x6616fb8378fee79b68b34247791fc09e1faafbe6a787057f16a7c252ab57348c,0xa9059cbb000000000000000000000000a64b91c342ada90fa65a7379525fa1d3e1a048090000000000000000000000000000000000000000000000000000000000000000,0,11,2016-03-30 16:20:37,0x89205a3a3b2a69de6dbf7f01ed13b2108b2c43e7,0,0.0
16,0xbdba65a5e11e178694065e944930759528632731093794e61f5cc479a745e94f,1253742,2086558,,99032,0x5c1534087e39ff233df7d0775df3b590adc843b1,136032,20000000000,36032,0xb0624b2eb1ca9a4623fd1135aa4a1c77bdca46e30008802ada68089afce4651e,0xa9059cbb000000000000000000000000b9735ccd3e523e8be82e189767fcac4a7a26e0010000000000000000000000000000000000000000000000000000000000000001,0,1,2016-04-01 00:05:19,0x89205a3a3b2a69de6dbf7f01ed13b2108b2c43e7,3,0.0
17,0xfdfb8916ff1f4c031ceecb18eac98c18f4fb0700a94ffac698ce995cd15985af,1254244,2086056,,169220,0xbb101ae8ac3cec6e26575b7d6446ee1f91d83c1d,143220,20000000000,43220,0xe421704768ebe35e1911db243d935dfa5e01265f8e8dce3a941f0e1a5d472068,0x095ea7b3000000000000000000000000c7e9ddd5358e08417b1c88ed6f1a73149beeaa320000000000000000000000000000000000000000000000000000000000000001,0,19,2016-04-01 02:06:40,0x89205a3a3b2a69de6dbf7f01ed13b2108b2c43e7,6,0.0
18,0xf42229157b3dab4a01e1b1f5fb9ffe853b1b2550abf6013418b2c71958152f27,1254656,2085644,,64220,0x8394a052eb6c32fb9defcaabc12fcbd8fea0b8a8,143220,20000000000,43220,0x6c0705a0092affaefbda3b66314723dea2d2c40418a621e6b7a3de0cc68e0129,0x095ea7b3000000000000000000000000c7e9ddd5358e08417b1c88ed6f1a73149beeaa320000000000000000000000000000000000000000000000000000000000000001,0,150,2016-04-01 03:53:41,0x89205a3a3b2a69de6dbf7f01ed13b2108b2c43e7,1,0.0
19,0x1e71dd5699665c132e6e2140957ad099c6e318d9e6e6fc7b4a128e001020f0ed,1258095,2082205,,142000,0x2ab38509536e69649587722300c7b26384f334c8,121000,20000000000,121000,0x1feb5307bfc88edab6a9bed72e4a886e7d3ae3a7d1305dd7d424bc39490de2a0,0x,1,2,2016-04-01 17:28:01,0x89205a3a3b2a69de6dbf7f01ed13b2108b2c43e7,1,2e+18
20,0x212f2425ee62c4c816310e938708f2414f3357195fea4b999495e0bcb59dae74,1260244,2080056,,106731,0x7decd3f363c5cba4cb9148cb1666560306dd79f3,143220,20000000000,43220,0xa7758d297099559cff52d1fdde063bb8c3153ea04dd564c5645a8534df2799bd,0x095ea7b3000000000000000000000000c7e9ddd5358e08417b1c88ed6f1a73149beeaa320000000000000000000000000000000000000000000000000000000000000001,0,9,2016-04-02 02:00:10,0x89205a3a3b2a69de6dbf7f01ed13b2108b2c43e7,2,0.0
21,0x826bd911983039a5405cc15eabc46f5e6fb38712b3f788dbbddd5ceaf162082f,1261574,2078726,,142000,0x2ab38509536e69649587722300c7b26384f334c8,121000,20000000000,121000,0xbeb4911c6e2c1452bd36dfe22eb69dc12fd0a2fc8181e599196281fda51ea3e9,0x,1,3,2016-04-02 07:34:51,0x89205a3a3b2a69de6dbf7f01ed13b2108b2c43e7,1,2.15e+18
22,0x31ea2abf693b340f447700d02123c8607737c38e3d95e4625339eba99892c8d3,1263661,2076639,,51032,0x198ef1ec325a96cc354c7266a038be8b5c558f67,151032,20000000000,51032,0x974403db6c42462d330307f18c0bd0459535b489e77c960a4f9702c32d205a25,0xa9059cbb000000000000000000000000fee0a83cf3db68aa231a43684e0312147a12bbb60000000000000000000000000000000000000000000000000000000000000001,0,46,2016-04-02 15:39:21,0x89205a3a3b2a69de6dbf7f01ed13b2108b2c43e7,0,0.0
23,0x169ea53c9f21f389545cf528424cf2ca05e903f9ed8034d49f6d8f9a6a5ad511,1264838,2075462,,78032,0x8b058897df45bdd7545956c42aaba75679de74c8,136032,18181818181,36032,0xb92e1f2a6118323bdac7a6de4a2c480bc1614ef363698e7f3a14b4dcfd1412d8,0xa9059cbb000000000000000000000000f544eb2b898b28912335ba70d2753d68a188697b0000000000000000000000000000000000000000000000000000000000000001,0,4,2016-04-02 20:17:59,0x89205a3a3b2a69de6dbf7f01ed13b2108b2c43e7,2,0.0
24,0x95d9a0f2ca079fcec715e2844b677effc5698f90b2c07458056b0bd187350d2a,1303667,2036633,,310000,0xe041775684616f52150f30731ee52db022e715ea,121000,18182000000,121000,0xcdbcf9840aac26fc846995231b32417f4b045cc659eab0d910292b9d1a72c97e,0x,1,0,2016-04-09 06:55:37,0x89205a3a3b2a69de6dbf7f01ed13b2108b2c43e7,9,4.995004995e+16
25,0x7fd2ad80883e65c93235454b2fcd0a4481afbfe2ab480915a426e2e5b671613d,1342369,1997931,,62968,0xa029b8a2c93bf3a6212299f6b1b9a3d3a168375a,120968,20000000000,20968,0x63c4c2b82593b60a6b935e1d4b0db9336b5024d06176f4432a532ee23c742a93,0xa9059cbb000000000000000000000000da5a2b2dbaf0b221e9b88677790a5b00f0f5785e0000000000000000000000000000000000000000000000000000000000000001,0,9,2016-04-15 17:35:28,0x89205a3a3b2a69de6dbf7f01ed13b2108b2c43e7,2,0.0
26,0x5b60e45b467bff3e2b8e0da38a6910a963429d84bea22862cd7688c97d069c3c,1391576,1948724,,158200,0x07c01d8b4c0e52d63e93be1a3a8cd08945ac2b4f,136032,20000000000,36032,0x1d15446ef581972e55c4e039e71ce75b47d634a930de625953ac76d1d7fa4e81,0xa9059cbb000000000000000000000000464a96d561033a6d1d0d2e6962c59d0b5362d4060000000000000000000000000000000000000000000000000000000000000001,0,4,2016-04-23 21:36:17,0x89205a3a3b2a69de6dbf7f01ed13b2108b2c43e7,2,0.0
27,0x38152e9c45afca6665115fa371eb4b8f4e961db613a732628770687a6b167e98,1410488,1929812,,183032,0xbb101ae8ac3cec6e26575b7d6446ee1f91d83c1d,136032,20000000000,36032,0x4bd0dfeab74814c307ff57cb38f43d389a5a8b2003c52dd668d3321d6812f01e,0xa9059cbb0000000000000000000000009f73bc871764c879fd9e0f524278373fa78750680000000000000000000000000000000000000000000000000000000000000001,0,21,2016-04-27 01:14:04,0x89205a3a3b2a69de6dbf7f01ed13b2108b2c43e7,7,0.0
28,0x956eb0b949b56f5620745aacfb0ffda0592ef58f4be221fccc6e3344fea29539,1432228,1908072,,122059,0x27a6968e60c903dc75f001b6626560fb95fe400b,135968,20000000000,35968,0x6708422e99de92a0bdab00feef209fadd17fd45647d54b989df8233f6a3a3fc7,0xa9059cbb000000000000000000000000a64b91c342ada90fa65a7379525fa1d3e1a048090000000000000000000000000000000000000000000000000000000000000000,0,19,2016-04-30 15:18:34,0x89205a3a3b2a69de6dbf7f01ed13b2108b2c43e7,3,0.0
29,0xe438aa6bcf4674cb57a12f9bc2fe26b658efb902dc7247472fa6eb93b2869950,1433782,1906518,,216091,0x52abfacc3f5b2b323abdab320b259d8b1d8fd140,121000,20000000000,121000,0x32c67ed65b293bbec82766dd07b5afc738f50a1d6cae4948e31d61885c7c85fa,0x,1,1,2016-04-30 21:34:30,0x89205a3a3b2a69de6dbf7f01ed13b2108b2c43e7,2,1e+16
30,0xb4894c6e25d16410b21ff2c733d2a7bc07b4c9f34b00c87ec3909c2f11c919b2,1434022,1906278,,131123,0xfd23407a31f54413e32043adb7b1ee61a6e04027,136032,20000000000,36032,0x13646e04bdc9bbb743963e8e660c58ec1b0f3b457428bcceed786317842d32d4,0xa9059cbb0000000000000000000000009519afbc60719a83c470ceec41e32d3e4b8b262e0000000000000000000000000000000000000000000000000000000000000001,0,5,2016-04-30 22:33:28,0x89205a3a3b2a69de6dbf7f01ed13b2108b2c43e7,2,0.0
31,0xa8a2172893374c2539a7a9441f38fc04ad5f49ce6565a811764e756378746410,1435884,1904416,,236123,0xd56b29381a8684011f810a47ebb390f8551348ae,136032,20000000000,36032,0xa7887aa7de4d97d74790889223edb16010328f56f5dacf26fd270db1ff590b7f,0xa9059cbb000000000000000000000000d94f187d049293ce4f0fe9ceae9563461d7a26910000000000000000000000000000000000000000000000000000000000000003,0,2409,2016-05-01 05:50:34,0x89205a3a3b2a69de6dbf7f01ed13b2108b2c43e7,7,0.0
32,0x6963b73e6d315f0575eb0e3ebc72e0ddea8ae93cf1a14ecd9127694a7ddae72e,1439034,1901266,,137152,0x6a5b4eadb5db3d7e783d964de82948a8a4f2dea5,150968,18182000000,50968,0x928571ec79f8e4872ff02e3a10e4926e6320b6d33f1acde888030e68b9611063,0xa9059cbb00000000000000000000000027eb00196569573190e6a4d9222dfdad8a7d720d0000000000000000000000000000000000000000000000000000000000000001,0,12,2016-05-01 18:29:42,0x89205a3a3b2a69de6dbf7f01ed13b2108b2c43e7,3,0.0
33,0x14057967810732681e36aafcdb68b5d5a9b8f9a0be4d3ce51b257d090e8a784e,1446901,1893399,,135032,0xddfc246ff78561436927067591825a223078900c,151032,20000000000,51032,0x514f03d77d473ac3aab5487270c81de491bf7292e6129ecf9c3b7a2cbcf6f6b7,0xa9059cbb00000000000000000000000007f1db2e600ae20ad3bca70eb81aeeccdeffee6e0000000000000000000000000000000000000000000000000000000000000001,0,18,2016-05-03 01:55:45,0x89205a3a3b2a69de6dbf7f01ed13b2108b2c43e7,4,0.0
34,0x0e4be2ac66874473d0290c032cdfdb645afc655e02e82dc2059a80f3374b5a8c,1453026,1887274,,730000,0x3a898b04b349e6e14bb75e50518b87ece941ff67,121000,21607753168,121000,0xf8374fc9b21534cd72075494c48d95407024906225f2f8c06edad29f6508c2d5,0x,1,6,2016-05-04 02:16:23,0x89205a3a3b2a69de6dbf7f01ed13b2108b2c43e7,29,1.0752688172e+17
35,0xdb8ccaab2e61d8b89fb4cc9b604dd2851245757bd5748949c2d72e604a62da9b,1453449,1886851,,326405,0xeb81b8e66b2e4a9768924c5cb63445b91b0108c7,136032,20000000000,36032,0x7e429557d772cc9248508cc65bbf19b14ddf2a7923080101db8a28deaba9b88b,0xa9059cbb0000000000000000000000002912cb9790a10a3a8cf424f0b6015c04b1e7f0710000000000000000000000000000000000000000000000000000000000000001,0,11,2016-05-04 03:59:01,0x89205a3a3b2a69de6dbf7f01ed13b2108b2c43e7,7,0.0
36,0x85d67ee98f9845f19cf4d1e5252d165752ac6c60d07c7fbbf781ef297163290c,1481943,1858357,,1417681,0x0785d54562388f5a36e960047e8a29135ba5e3bf,121032,20000000000,21032,0xc60361d465027531936199d262748227198f79bb20b26601ec0202d099f7ab62,0xa9059cbb000000000000000000000000c0f5228127fe170c6c26e46a1462a86403fd726c0000000000000000000000000000000000000000000000000000000000000001,0,13,2016-05-08 21:35:34,0x89205a3a3b2a69de6dbf7f01ed13b2108b2c43e7,2,0.0
37,0xaa7d7789c3f9fadbe4139898ad629f4119ddff1c78d2d5c35a892a981f90f5c6,1492224,1848076,,165091,0x5582548f66a3e3a50237919001e46ca5c9b15f43,121000,20000000000,121000,0x1d0c4c1d87e941cfbf5e16d0107466e200d58bffe1d9aa799b29b94ccb2ed55f,0x,1,12,2016-05-10 14:37:21,0x89205a3a3b2a69de6dbf7f01ed13b2108b2c43e7,1,5e+18
38,0x0c1062f86674d7cbf7a64d22f17d65b278b54053316db66d88ad7008a260bd91,1505986,1834314,,184080,0x6d18cfae9566b7aaa3c5cbb1dce7829a07615c0d,121000,20000000000,121000,0x42ce207c1e36f33136257116767fabf8a288883dd96043bf75e7e81875a5fa79,0x,1,2,2016-05-12 21:32:18,0x89205a3a3b2a69de6dbf7f01ed13b2108b2c43e7,3,2.46062992126e+18
39,0x62af96b468362998b1fd21267eba1c16b16f8d7a749ccfc1e4ee829153b4c261,1516162,1824138,,85220,0xf7e13a393f1bf20a0ef5a92328531e10f5602b42,143220,20000000000,43220,0x53ea2f0dfdf34aae9e846a783c0c0235e78670c818c1e1cff30b751e9aa2ee4e,0x095ea7b3000000000000000000000000c7e9ddd5358e08417b1c88ed6f1a73149beeaa320000000000000000000000000000000000000000000000000000000000000001,0,8,2016-05-14 14:05:38,0x89205a3a3b2a69de6dbf7f01ed13b2108b2c43e7,2,0.0
40,0x1a62043cd708572cd929e3dcbc3403f4ca223d367327325c48db2620062dc23b,1529096,1811204,,40000,0xc8e764dd559e3a6e0a433450a33dbbce83bc52d4,40000,21000000000,40000,0x16f11fcaa6cc36d1cef554be41854c44318727072f59a5ab7ae27ca315cde479,0xa9059cbb0000000000000000000000005dfeeabf0669144e8775c2d93579ddc540f4408c0000000000000000000000000000000000000000000000000000000000000001,1,19,2016-05-16 17:47:36,0x89205a3a3b2a69de6dbf7f01ed13b2108b2c43e7,0,0.0
41,0x5aee070ca7c7ba6494787ca602994aa234a74f9a3d5a6e3b3666b02bd8879890,1530095,1810205,,57032,0xc8e764dd559e3a6e0a433450a33dbbce83bc52d4,136032,20000000000,36032,0x421e42617ccfa6240741ff8bbe450c80dad56f4d0ddb891cdf63013ddd73c0ba,0xa9059cbb0000000000000000000000005dfeeabf0669144e8775c2d93579ddc540f4408c0000000000000000000000000000000000000000000000000000000000000001,0,20,2016-05-16 21:47:24,0x89205a3a3b2a69de6dbf7f01ed13b2108b2c43e7,1,0.0
42,0xb91f2266dfb854646b9438b2e0ed02cd58c5f2ad2290b3cc4708ccc14dbdccda,1539156,1801144,,288032,0xda5a2b2dbaf0b221e9b88677790a5b00f0f5785e,151032,20000000000,36032,0x13d7b83d2cc6739c25c783adae9ce92a0c44897661373f3947c9618a7e01cf18,0xa9059cbb000000000000000000000000dcc5f666f31828fd378f0a91bd45b286599a43080000000000000000000000000000000000000000000000000000000000000007,0,50,2016-05-18 09:54:39,0x89205a3a3b2a69de6dbf7f01ed13b2108b2c43e7,12,0.0
43,0x66d7dd51c28efab824ed086a62c9487e6650da4662626ccdfd367dd3c6511034,1541740,1798560,,941481,0x4f4996f835a900eb460755fcb2628da157de2d19,136032,20781357901,36032,0x25f5059b227d573a930d7c19ee6cc74bf50efa5250e158ed0f6a2d231b907b23,0xa9059cbb0000000000000000000000007ee5cc15638c93531b12aea1d6a147a6de2634590000000000000000000000000000000000000000000000000000000000000003,0,17,2016-05-18 20:05:31,0x89205a3a3b2a69de6dbf7f01ed13b2108b2c43e7,39,0.0
44,0x9b4259db8db4dd35dd2f689fa30c8c9a169ef93a7b64ad243a2fd114a49b40e6,1541911,1798389,,366219,0x9e6316f44baeeee5d41a1070516cc5fa47baf227,250000,20000000000,250000,0x69abdc0ee75036041d49481d2e2ba4ead3c0cd043c1a4bea20a6c818e6731f3d,0x,1,11015,2016-05-18 20:43:13,0x89205a3a3b2a69de6dbf7f01ed13b2108b2c43e7,4,1.4869177276e+20
45,0xe8775263d7e22b98dca61bae463dc060d89aa413d40c5ebc1798f3b29bba23d5,1600892,1739408,,85220,0x374139a05ac55917badd3f934f1b93f5c8623ded,143220,32210000000,43220,0xec7fbac21ed0e137dec8e5dc3f8e32c8f04da71b02ccef5335a8d3089419dbb1,0x095ea7b3000000000000000000000000c7e9ddd5358e08417b1c88ed6f1a73149beeaa320000000000000000000000000000000000000000000000000000000000000001,0,10,2016-05-28 15:45:48,0x89205a3a3b2a69de6dbf7f01ed13b2108b2c43e7,2,0.0
46,0xc36af8cdef8822e5ec81a9cee322356dba28ff96bb5dd16a7ad9b9cfcfe19f96,1607077,1733223,,882739,0x3914bff975ef35e8d3403e1ea953bf886b0e8fea,151032,20000000000,36032,0x86e4c92efe1168204c368b33c748c44b568301e2b66f4740c8f384b8b9a00c6d,0xa9059cbb000000000000000000000000d73848c3dd5514f635b072e38824856e31674abd0000000000000000000000000000000000000000000000000000000000000001,0,134,2016-05-29 16:22:37,0x89205a3a3b2a69de6dbf7f01ed13b2108b2c43e7,33,0.0
47,0xfaadf90e9333ee84c2af2ed194f3bdbe40024c01f4a55f752b6bd5f4797cd105,1642340,1697960,,57032,0xdbaddbae610da85fa15a9f7e279d9a9d68b05c01,136032,20000000000,36032,0x4c237c0e7d31d51a9544c90381a0a75fa0f6a369bb949ff0ea1e4fe255e15951,0xa9059cbb0000000000000000000000006e37eaae86a6504c01b31314b07795e9784644f80000000000000000000000000000000000000000000000000000000000000001,0,14,2016-06-04 13:01:47,0x89205a3a3b2a69de6dbf7f01ed13b2108b2c43e7,1,0.0
48,0xeb37109d5f6ba7873031ae090b9c4143d735bc5a21f0238a54f7982378ecdbe8,1642408,1697892,,57032,0x6e37eaae86a6504c01b31314b07795e9784644f8,136032,20000000000,36032,0x0fda58333ba18de1a8fa86bb7fe7c813c1d2d866c88d74e6171db871adf288c3,0xa9059cbb000000000000000000000000dbaddbae610da85fa15a9f7e279d9a9d68b05c010000000000000000000000000000000000000000000000000000000000000001,0,0,2016-06-04 13:14:11,0x89205a3a3b2a69de6dbf7f01ed13b2108b2c43e7,1,0.0
49,0xb67fb973023fb6b4de6a22a749b10162452210d9f48724fae06617e29c8d714a,1674607,1665693,,72032,0x00ff1d79e83997b205e7f0284f6f0502d75d979a,136032,20000000000,51032,0xdc17d6f0d78370fd4694d1c6f05850f47d6862ad54d09dff5638db4603025462,0xa9059cbb00000000000000000000000047c4651fed686c43346f66f0e6e718e5c721537a0000000000000000000000000000000000000000000000000000000000000001,0,37,2016-06-09 21:04:31,0x89205a3a3b2a69de6dbf7f01ed13b2108b2c43e7,1,0.0
50,0x7a3c92c00c87658809b808e97ac075feb3fa0478b228ada6433fa0b82a7b2148,1681617,1658683,,63000,0xad39d3222a13895a4549a1aca92c5e0432687cfd,21000,20000000000,21000,0xa725147229f91ab56b382f59c877fd82d26490d3b13009800493a0431675dfed,0x,1,724,2016-06-11 01:28:12,0x89205a3a3b2a69de6dbf7f01ed13b2108b2c43e7,2,1.9e+17
51,0x0cfb7d918f71286e0338fe6f337a91f96eacc579a9dfe79a6411dfaa502f1b57,1719187,1621113,,56968,0xc1b1d8b42e9956b6825504302d7c3cb1cafed494,135968,20000000000,35968,0x60ee56df27661faa8ab6295877abe2aaba316493ebfb96b4ee9f52dc1e75b8f2,0xa9059cbb000000000000000000000000c1105a4bb246bdcf451a6d8c06919e4efdadc5f40000000000000000000000000000000000000000000000000000000000000000,0,10,2016-06-17 06:18:32,0x89205a3a3b2a69de6dbf7f01ed13b2108b2c43e7,1,0.0
52,0xbb1142bc2acaeed72996fe3799820d1e47d5709fec4bc17dc78c68edbe997513,1743159,1597141,,232678,0xf8b483dba2c3b7176a3da549ad41a48bb3121069,90000,20000000000,90000,0x7f62f6301ee6a710943066d3ce14ef55ff94e44a8c069e6642c2d041a3184511,0x,1,226502,2016-06-21 06:33:51,0x89205a3a3b2a69de6dbf7f01ed13b2108b2c43e7,4,1.98869011e+18
53,0x719cbf062a6b0defe65927ab91fa56f059ca5e8129cfc2429f81da68691bce42,1749309,1590991,,121000,0x39aa901d6b886650e7ec4884a72843f7d84a9e21,100000,21000000000,100000,0x9af510593cd35d389e0c1ad96d11102795c918357856dfe36a76d0a47914a088,0x556e69636f726e2049736c616e64,1,0,2016-06-22 07:20:44,0x89205a3a3b2a69de6dbf7f01ed13b2108b2c43e7,1,1e+17
54,0x15c6821cf2aa92f12d9b080e7d315c124568e8f7ea8ee322a2a03f11fda6c83b,1764392,1575908,,57032,0xbba34adaea49eb1b54cfec0c6c4b1c0ade96a0a2,151032,20000000000,36032,0x6a53d303c2b44451ef0e67ca016cabc5a278d2adb34c54f8482878278b4ff436,0xa9059cbb000000000000000000000000d46a0f777821f38ae996a87fae1ece71c9651cbf0000000000000000000000000000000000000000000000000000000000000001,0,120,2016-06-24 18:55:20,0x89205a3a3b2a69de6dbf7f01ed13b2108b2c43e7,1,0.0
55,0x675179bfaa09814c7cecb78e1966618c5f3b0cb3eedb3f97ab9908af29da0fe9,1769830,1570470,,105032,0xd46a0f777821f38ae996a87fae1ece71c9651cbf,136032,20000000000,21032,0x682e89702561f72d2686f067dbee26c5e58130225998893203d67908d0f1efdc,0xa9059cbb000000000000000000000000dc03cc58331ebda81a6681d2193d48f2eb178d5a0000000000000000000000000000000000000000000000000000000000000001,0,4,2016-06-25 16:34:25,0x89205a3a3b2a69de6dbf7f01ed13b2108b2c43e7,4,0.0
56,0x82f84e9be5c29b85cd67aee854d1d731933c3f9861815cb9c0446865cf65dfb1,1781621,1558679,,288032,0xd35db22141772c5b778cae0ec680ef1fecf357bd,136032,20000000000,36032,0xa53379119785646f7e4a3ba632a1f4844c929f6ac0a11ea8a677e2fbd2088735,0xa9059cbb00000000000000000000000069288fa389925a2d045cff3c2b3f2e5a5e22915f0000000000000000000000000000000000000000000000000000000000000001,0,67,2016-06-27 15:23:10,0x89205a3a3b2a69de6dbf7f01ed13b2108b2c43e7,12,0.0
57,0xa64d420797e6afabd6515a27808261a9f59f4b87b962af7a42ba33212822aa37,1790084,1550216,,79918,0xdccd2976fa745c7351ba172c836531ebf2467ea3,150968,20000000000,35968,0x8d6b73c5254be874be48b4b3ed6573519c64b020b9d28eb0c7f35851978b0075,0xa9059cbb0000000000000000000000004c75f30fa7b02183203ff2d500f38a7ecd593c730000000000000000000000000000000000000000000000000000000000000001,0,59,2016-06-29 01:09:24,0x89205a3a3b2a69de6dbf7f01ed13b2108b2c43e7,2,0.0
58,0x74dda46a724600b98880d7d6cc88d9047afbde95af592500536d1f850c9e5e55,1802252,1538048,,141032,0xd73848c3dd5514f635b072e38824856e31674abd,151032,20000000000,36032,0x50a8e366798e2aa6e73808943d5b8fa82abd55c67ed364853027a20fd450b1d1,0xa9059cbb0000000000000000000000003914bff975ef35e8d3403e1ea953bf886b0e8fea0000000000000000000000000000000000000000000000000000000000000001,0,63,2016-07-01 01:48:53,0x89205a3a3b2a69de6dbf7f01ed13b2108b2c43e7,5,0.0
59,0xc8cb25660e8a718845015fde5c3bb54332dacc0df37dcb7718d88258c0950aaa,1879516,1460784,,174479,0x4d423e67183adb35fdd1ac695cd28b3672090010,151032,20000000000,36032,0xfae40407661f51f08781df085e2e97cab60f8968fb74064c8cb1c32ec59bea07,0xa9059cbb000000000000000000000000ac53576a13ea1c7ca434fa8da2139edf83dfcf820000000000000000000000000000000000000000000000000000000000000001,0,28,2016-07-13 20:21:48,0x89205a3a3b2a69de6dbf7f01ed13b2108b2c43e7,5,0.0
60,0x9a67964d269b5cb1e98e5020873893ec5030b9d221f837e097505878e19dcf69,1890484,1449816,,176874,0xe7eae1dd06e4215b3d30b0228dd486b68256bc11,151032,20000000000,36032,0xc637a5149f9c89543f1ae086451e66cdf19055ba0171522d667fb7fb30bf5866,0xa9059cbb00000000000000000000000073dee1306c6ef2d8cd6dcfac9b6a0f01ba3b011b0000000000000000000000000000000000000000000000000000000000000001,0,17,2016-07-15 16:26:44,0x89205a3a3b2a69de6dbf7f01ed13b2108b2c43e7,4,0.0
61,0x137cfb07cd63430954e57b53d3f01227fab439098b229456ca45f74a7a6ee7f1,1920914,1419386,,2366838,0x98dfe85fda90bfe0ca5e1d9124417d371ed1d9cb,151032,20000000000,36032,0x0acabca81d5ca953fbb75b3c90088ccf1f4d8639f4af3175e9a7f19acfbec30e,0xa9059cbb000000000000000000000000ef8928183d7d43f7c297adc0f3fee05badded9fa0000000000000000000000000000000000000000000000000000000000000001,0,676,2016-07-20 17:30:32,0x89205a3a3b2a69de6dbf7f01ed13b2108b2c43e7,5,0.0
62,0xf6a032374a9386b827716cc786be87403e23219a7709e710e2d5e91d29639fcc,1927378,1412922,,239748,0xb0f5b511c4a660a26df485cd5110c7dcdb20918c,151032,20000000000,36032,0x7f2d19feca9f115cd618866773e0e93d5840697235733d37350919e84cf56784,0xa9059cbb0000000000000000000000005058b1a42dd35ed17ecdfba10524d2a9f5b55ee60000000000000000000000000000000000000000000000000000000000000001,0,81,2016-07-21 18:50:18,0x89205a3a3b2a69de6dbf7f01ed13b2108b2c43e7,8,0.0
63,0xa4908fe345f48a6b27b976ed875f5b799b3a934fad3053d6dd4cde26aab3c174,1927394,1412906,,304403,0xd54f0a1c743c432d7af0db15c2d87f483b52439b,136032,20000000000,21032,0x93512a49238ad9c69cc677f65fade6cbeda69b7849a4212b9b8d2e0df7baa24d,0xa9059cbb0000000000000000000000005058b1a42dd35ed17ecdfba10524d2a9f5b55ee60000000000000000000000000000000000000000000000000000000000000001,0,186,2016-07-21 18:53:21,0x89205a3a3b2a69de6dbf7f01ed13b2108b2c43e7,2,0.0
64,0xf2b76c10a99489e4d5c64a9e1a59f88aa85cc64ba3d8643a144fd197602ac286,1928565,1411735,,36032,0x763f21040c175570166239d5d52d925b4130dbc6,151032,21564594321,36032,0xec1ba420ba5138d77bad5e4ae6feba7d38d7e636066dfcb8578802eac96e9a77,0xa9059cbb000000000000000000000000ee99588315c7b2a7b83edee58221e208e7b6519d0000000000000000000000000000000000000000000000000000000000000001,0,36,2016-07-21 23:34:25,0x89205a3a3b2a69de6dbf7f01ed13b2108b2c43e7,0,0.0
65,0xa7d1f94a374cd3d449202c4410cc16b274edf3dc4f833d9bbf9e58c5a47c24a3,1928888,1411412,,234976,0xac75b73394c329376c214663d92156afa864a77f,136032,20000000000,21032,0x7b83f844e2e48fdc4eb57f5b68c5fe23d39e7fa423d983065b912f785a49328a,0xa9059cbb000000000000000000000000f954a34d0ddfe32d65e3273b28089db83e7076aa0000000000000000000000000000000000000000000000000000000000000001,0,10,2016-07-22 00:54:26,0x89205a3a3b2a69de6dbf7f01ed13b2108b2c43e7,9,0.0
66,0x9067d0ec740317b13e7f444787e2461d72d4febdf426573524f95308ac20c1d6,1931140,1409160,,318120,0xf0c06f090ee4ce5b663aaab3ac00d8dd3f0fd4e9,143220,20000000000,43220,0x77ab54180d5f79398c026777607ee32e0d6d211270ea0a104ae5fda077011402,0x095ea7b3000000000000000000000000c7e9ddd5358e08417b1c88ed6f1a73149beeaa320000000000000000000000000000000000000000000000000000000000000001,0,3,2016-07-22 10:10:01,0x89205a3a3b2a69de6dbf7f01ed13b2108b2c43e7,13,0.0
67,0xec6cd193f11c701629ee21f3f0da6ebc0b722de89b0677d9442cb65cb4fb845e,1945745,1394555,,565112,0xb20ee92d4a07bfc89b0d1fb6072bd2ff403e830a,151032,20000000000,36032,0xcbf546eca22c8a5aff5e7b08cf4e6c4caac50bddb8d00e44930fef9f4d98a1a2,0xa9059cbb000000000000000000000000656bfef3311ca9b25dbe97fe460f3d37bdad9eff0000000000000000000000000000000000000000000000000000000000000002,0,14,2016-07-24 20:14:35,0x89205a3a3b2a69de6dbf7f01ed13b2108b2c43e7,19,0.0
68,0xc18895dfc103c89551a3dc421a3e45161fb8d94e0d82bc542af2e4b170c644a1,1945845,1394455,,311296,0x8c49c01ed907f5f42f33f9239ee7df0ae4e9bb8f,151032,20000000000,36032,0x8f4470d957fce47e6c011e10c5333b4c30ed96ddca69db27bf5a27f333b58a1b,0xa9059cbb000000000000000000000000447ff4ac930acf585e439de1225fad61389c520e0000000000000000000000000000000000000000000000000000000000000001,0,6,2016-07-24 20:36:20,0x89205a3a3b2a69de6dbf7f01ed13b2108b2c43e7,10,0.0
69,0xe551605937469ed7da57ec05b0bde13c9c531ed9517faaed9048ddc4fcca5741,1947933,1392367,,228422,0x656bfef3311ca9b25dbe97fe460f3d37bdad9eff,151032,20000000000,36032,0x1bbfa012ad6f52f50218f1e7fcd607916fc38ebaadcd966be5e98869862a62af,0xa9059cbb000000000000000000000000ccc2458b11159e217e19354a32f3390c6837c6fd0000000000000000000000000000000000000000000000000000000000000002,0,4,2016-07-25 05:04:38,0x89205a3a3b2a69de6dbf7f01ed13b2108b2c43e7,8,0.0
70,0x95afed58d2a9ca6f8a5ae97a6a711a963fcdd48f5f74d0ca10f40a06d72b1c5f,1949262,1391038,,35968,0x374139a05ac55917badd3f934f1b93f5c8623ded,150968,32210000000,35968,0xc7db8ef439450f04a9fd2e529f74cff289473dc71ac6b0aea1cc9f0c6da380a2,0xa9059cbb000000000000000000000000cafe00be401442bfb5e480c355393fd8c147abbb0000000000000000000000000000000000000000000000000000000000000005,0,68,2016-07-25 10:14:44,0x89205a3a3b2a69de6dbf7f01ed13b2108b2c43e7,0,0.0
71,0x4832006edf2613e4622db40e4830d9464ac92cb65dd01b59dcb3e2b01199babb,1952973,1387327,,119968,0x000904798f3ac75c34192ceb4a2e714fccd025db,150968,20000000000,35968,0x17d5d9bac9ca68715fa39e88b3f37bea86b90ead66de68ce9a360c90647cf127,0xa9059cbb0000000000000000000000006260691cb8ae218e00a0640d4819aaca64a231f30000000000000000000000000000000000000000000000000000000000000007,0,7,2016-07-26 01:04:29,0x89205a3a3b2a69de6dbf7f01ed13b2108b2c43e7,4,0.0
72,0x06c82e9a71a45c5e68e627c0df314ed3d1d2952ee0436159081a3c6ba199a069,1956283,1384017,,151473,0xbf885e2b55c6bcc84556a3c5f07d3040833c8d00,151032,20000000000,36032,0x5e563c52e2150e3e14193f573cffc776c61a8aa535f0cbdb9d3c24235c741407,0xa9059cbb000000000000000000000000f6abb80f11f269e4500a05721680e0a3ab075ecf0000000000000000000000000000000000000000000000000000000000000001,0,274,2016-07-26 14:14:09,0x89205a3a3b2a69de6dbf7f01ed13b2108b2c43e7,4,0.0
73,0x30424bdecc0631274c8bd4352b704f80f8224685a4e2007b07d27bd0418feb80,1956284,1384016,,2284432,0x36786c2ef40834810a6513f48a7ff497cda5f3af,151032,20000000000,36032,0xd7c3595e972c76f48fc746670254942854dd0b1c73e5c6d750da2155f76793ac,0xa9059cbb00000000000000000000000059795fccfbe2f166651c6b73d10a7a1522a0ed890000000000000000000000000000000000000000000000000000000000000001,0,20,2016-07-26 14:14:48,0x89205a3a3b2a69de6dbf7f01ed13b2108b2c43e7,80,0.0
74,0x646f58e5d88da4461f4e79972210339d74ab4fe389ae379789babf34378c9e0a,1956871,1383429,,78032,0x07f91de1083c4fc70500ba9024f0f6ba30709e42,151032,20000000000,36032,0x0811a8e63185d6645dd872f9c6d2c33e103dcdfc74e90e64b0691271fbda8a4a,0xa9059cbb00000000000000000000000098d00e737bf724de1a1e7aeb9fa5534fd5de36020000000000000000000000000000000000000000000000000000000000000001,0,25,2016-07-26 16:51:35,0x89205a3a3b2a69de6dbf7f01ed13b2108b2c43e7,2,0.0
75,0x11a282c762ad7d938cbe5d4f92a224b50431400dafb9104bfcc8ee25191b4633,1957870,1382430,,151593,0xf2e767bea51b1a8fc4b6ced82ba4ab0de166ec2c,151032,20000000000,36032,0x438a4ec8259056b76804215726fe329caae5dfe15a11ce6bdb11666f3e760576,0xa9059cbb000000000000000000000000d8167f819669eb74406f8ac4db7ade1f8fcf8e2b0000000000000000000000000000000000000000000000000000000000000001,0,32,2016-07-26 21:14:11,0x89205a3a3b2a69de6dbf7f01ed13b2108b2c43e7,5,0.0
76,0x5fd3b64a8b9a796c1e2793e2916231582d672612e25538848f36ecee244db1d0,1961401,1378899,,120032,0x6a5b4eadb5db3d7e783d964de82948a8a4f2dea5,121000,24200000000,36032,0x435f15f5c7a3467b6e2cf00ecbf0c82af379ce9ee31e6f8d3ffdd0f12f19c94f,0xa9059cbb000000000000000000000000b796a0c605083042f476b793e43ad222817ae1f70000000000000000000000000000000000000000000000000000000000000001,0,30,2016-07-27 11:26:28,0x89205a3a3b2a69de6dbf7f01ed13b2108b2c43e7,4,0.0
77,0x7f66a48fba25ee5e0bc6b82221697aefb842120bae1cb00a3d86694f25aa01eb,1962974,1377326,,36032,0x22743340fd14cc260efd8369d32e1fed09bf5227,151032,20000000000,36032,0x406e2a0d98875397bf1053b3e7836b0aee9dbef656e8972ceef94a0e0713c106,0xa9059cbb000000000000000000000000a88cfb7a259333fbe79b9328a7befdf958a88fc00000000000000000000000000000000000000000000000000000000000000002,0,16,2016-07-27 17:30:49,0x89205a3a3b2a69de6dbf7f01ed13b2108b2c43e7,0,0.0
78,0xffadfffccd61d6fa8fb3220cc4b26f78f41a3b3d9dc3a7a7180d2e550ab3ec44,1967400,1372900,,50000,0xb9836ec1f42bd48331bceaedb74a6bcdc22832bd,50000,21000000000,50000,0x6efb5fb06d3d0430ae951a8ba3aa56c2dbe026657e35266056c68db34e9e1e46,0xa9059cbb0000000000000000000000007cb57b5a97eabe94205c07890be4c1ad31e486a80000000000000000000000000000000000000000000000000000000000000032,1,258,2016-07-28 10:47:39,0x89205a3a3b2a69de6dbf7f01ed13b2108b2c43e7,0,0.0
79,0x271f1d7caeb445d62467d54ee2d168d1e3e957b6b8c9274c2a66374248857138,1967593,1372707,,499560,0x7cb57b5a97eabe94205c07890be4c1ad31e486a8,150000,21000000000,150000,0xfb4fe131a65a5ff1e528270a5100fe48e104035b8a168a9201e101d8fc9af974,0xa9059cbb000000000000000000000000a7deff12461661212734db35ade9ae7d987d648c00000000000000000000000000000000000000000000004189374bc6a7ef9db2,1,38,2016-07-28 11:31:50,0x89205a3a3b2a69de6dbf7f01ed13b2108b2c43e7,12,0.0
80,0xaf151b90ea87154bdb360ba402ced39e841bc43943318f4ca8e6d7f44f6e0181,1967598,1372702,,321000,0x7cb57b5a97eabe94205c07890be4c1ad31e486a8,300000,21000000000,300000,0xd47fc3821f70471d42259bcd9e9cae3872796b9f86af1a2a4e25a43a8946322e,0xa9059cbb000000000000000000000000a7deff12461661212734db35ade9ae7d987d648c00000000000000000000000000000000000000000000004189374bc6a7ef9db2,1,39,2016-07-28 11:32:48,0x89205a3a3b2a69de6dbf7f01ed13b2108b2c43e7,1,0.0
81,0xdc0c0b82fd93fe9b8f60887d8aec2dec6a295df83dc40883c3a557892cd6c159,1967604,1372696,,36032,0x7cb57b5a97eabe94205c07890be4c1ad31e486a8,150000,21000000000,36032,0x007566f8bacb62f6f396eab0869aed72d771d84299075640d6043e405d25a6fb,0xa9059cbb000000000000000000000000a7deff12461661212734db35ade9ae7d987d648c0000000000000000000000000000000000000000000000000000000000000001,0,40,2016-07-28 11:33:45,0x89205a3a3b2a69de6dbf7f01ed13b2108b2c43e7,0,0.0
82,0x445c07bf1b856b7d5ce43a1453c0edb727c0dc4927e206080b8bb0a07c2a7854,1971331,1368969,,171000,0xf45b31f4b019ac926823065c6bf8d95383c0512d,150000,23000000000,150000,0x066451b3a0a13c23e98e24538bb153ae6669236ff9de58084dcbb3c837ac04ae,0xa9059cbb00000000000000000000000002fa41395ee6ffab0f1ac07ddb72723a65298e8c0000000000000000000000000000000000000000000000000000000000000001,1,15,2016-07-29 02:26:40,0x89205a3a3b2a69de6dbf7f01ed13b2108b2c43e7,1,0.0
83,0x0423b67694267b69a17d94530bad89d0b5708cca90ada93a7f763c9ad573d789,1973985,1366315,,152682,0x9519afbc60719a83c470ceec41e32d3e4b8b262e,136032,20000000000,36032,0xd14624dd01d51f4c55521b707797deffa7e3fcbcc3c6dcb7932e9da9ec98cbc2,0xa9059cbb000000000000000000000000a92e6abc1156b6ed4948cc962cb60f250d422c680000000000000000000000000000000000000000000000000000000000000001,0,24,2016-07-29 13:12:14,0x89205a3a3b2a69de6dbf7f01ed13b2108b2c43e7,5,0.0
84,0xd9c99c22fbb0e6e69273ea7109b5491dac7fc6004e3c86ee335c8b0c82f79997,1974237,1366063,,1157941,0x198ef1ec325a96cc354c7266a038be8b5c558f67,151096,20000000000,36096,0x42b5915f23d975321ab8b1ce3cf5e7c6697721d282653a46970f057d9b74046e,0xa9059cbb000000000000000000000000a9cc20d8f6dae9fca19f39a9373e2e31ae8095f300000000000000000000000000000000000000000000000000000000000001f5,0,192,2016-07-29 14:19:24,0x89205a3a3b2a69de6dbf7f01ed13b2108b2c43e7,3,0.0
85,0x5d5c6a8296a3ffb4b984be7e38d99d6ad134266651cd53f8f7aff5fbf99fe0f1,1975154,1365146,,102576,0xa7deff12461661212734db35ade9ae7d987d648c,150000,21000000000,36032,0x44df082ee87522759eedb48e35717a4f63af3ce27ad868e2f0596aadc9db92bf,0xa9059cbb0000000000000000000000007cb57b5a97eabe94205c07890be4c1ad31e486a80000000000000000000000000000000000000000000000000000000000000001,0,41,2016-07-29 17:42:46,0x89205a3a3b2a69de6dbf7f01ed13b2108b2c43e7,2,0.0
86,0xb4ef3bb75ff32a257ddc20833f3a7139ff611d9fcdf7e749e63031038e4a8084,1975188,1365112,,545584,0xac53576a13ea1c7ca434fa8da2139edf83dfcf82,151032,20000000000,36032,0xef0cdd4c8e233d63d24320dc4f31075f64474a7d1e042c114ebdb04e0e7b0f25,0xa9059cbb000000000000000000000000893932fc39ed7cd754d9cd03307aad3310a5f3f50000000000000000000000000000000000000000000000000000000000000001,0,42,2016-07-29 17:48:23,0x89205a3a3b2a69de6dbf7f01ed13b2108b2c43e7,19,0.0
87,0x7894433ca3ade6a9f50c6c8489efe12e61de6bc53c552a5346ce12e338bcbb95,1975202,1365098,,213115,0x893932fc39ed7cd754d9cd03307aad3310a5f3f5,150968,20000000000,35968,0x6dcc2a47d95fce0918c38c4473ab40c08032f429688b66160e28a0ebcf60a670,0xa9059cbb0000000000000000000000004d423e67183adb35fdd1ac695cd28b36720900100000000000000000000000000000000000000000000000000000000000000001,0,1,2016-07-29 17:51:58,0x89205a3a3b2a69de6dbf7f01ed13b2108b2c43e7,6,0.0
88,0x86683cd5b46f7c41d3a86b99e457838624239935fbe3a36a68943f819f687f2d,1975208,1365092,,78032,0x4d423e67183adb35fdd1ac695cd28b3672090010,151032,20000000000,36032,0xcfaf22bf806603162730f5b9e998d1a3b2335a740d35ce3f7997942950df50a3,0xa9059cbb000000000000000000000000893932fc39ed7cd754d9cd03307aad3310a5f3f50000000000000000000000000000000000000000000000000000000000000001,0,36,2016-07-29 17:53:26,0x89205a3a3b2a69de6dbf7f01ed13b2108b2c43e7,2,0.0
89,0xbd064b0e4e4d84798a661cd8eda5db5dda27c87d659336df48a06706e2988c9b,1975249,1365051,,235715,0x893932fc39ed7cd754d9cd03307aad3310a5f3f5,151032,20000000000,36032,0x920d7f9c562706b8630ed3c348118992e3aa5e2f51d34a3acbb76b33046135ff,0xa9059cbb00000000000000000000000079d94aae97baf2017c1cd39f3b406d60712d086f0000000000000000000000000000000000000000000000000000000000000001,0,2,2016-07-29 18:03:26,0x89205a3a3b2a69de6dbf7f01ed13b2108b2c43e7,8,0.0
90,0x612ada7cafde17bc26b71d7e23eeec9ff14d854fca7ee0bd3427128c9500a136,1975909,1364391,,57032,0x709022d5b85b9f95797fe7cb3fea8b071edee480,151032,20000000000,36032,0x3d0129463c1e984a9d8503e1d8ee782eb3282e52e730099a5aacd578f8be2b51,0xa9059cbb00000000000000000000000046645427f1057db635d1b55889500b9d1ca081c50000000000000000000000000000000000000000000000000000000000000001,0,16,2016-07-29 20:35:49,0x89205a3a3b2a69de6dbf7f01ed13b2108b2c43e7,1,0.0
91,0x515330df3a43f6a52bb576131ac13ac1645e20434d0438439f29620e0f3d5304,1978986,1361314,,470430,0x606440518e64590a927460bf6b75399335090f18,150000,21000000000,150000,0xc01847f753becb8e3df8d810a25cad2e22fcb087ad78f524c4b88984952f771d,0xa9059cbb000000000000000000000000e6ac9f22dc2ea4330c31e05f184aae2ecb3096eb0000000000000000000000000000000000000000000002d42c3c9eecbfb15b57,1,35,2016-07-30 09:13:40,0x89205a3a3b2a69de6dbf7f01ed13b2108b2c43e7,11,0.0
92,0x63a4396f0949a2abff62f9a0db15f9d162c2534dd3fd46a45d4dd5ffdbeac105,1981118,1359182,,181561,0x2152e304911fa50ba8742ca586b8011807a335be,150000,21000000000,150000,0x00f6806fa55f65e17c3179fd5dcd6b6bae6fe541d0288c027c3a78cd77328465,0xa9059cbb0000000000000000000000006d6ca5f714cf886e1a9c485642d47b6f53fda3f100000000000000000000000000000000000000000000ffa24894c447c30d306a,1,10,2016-07-30 17:32:48,0x89205a3a3b2a69de6dbf7f01ed13b2108b2c43e7,1,0.0
93,0x32e1bab553912e2e3a803bf2659865ae964226b77e7bf600a94d68a5be33c25f,1981697,1358603,,305089,0x7a0a266ae900d0d82de74e400c3959d824068390,151032,20000000000,36032,0x4703ddc2a85ef6d4df401e4d886e424b40c33837a95917c8666e04bfe6aad4e6,0xa9059cbb00000000000000000000000085b8957a80776be81b03c40c6cff304e19ef1d700000000000000000000000000000000000000000000000000000000000000001,0,4,2016-07-30 19:51:04,0x89205a3a3b2a69de6dbf7f01ed13b2108b2c43e7,11,0.0
94,0x161e9842fcd7d31cda98d2ea7288ced33a3edf01c5530e1c7fc1ea9571d13360,1982620,1357680,,36032,0x9f73bc871764c879fd9e0f524278373fa7875068,150000,21000000000,36032,0x0830bb3efbd95f4b9e247e0998a932ca22ea306cff0764f119e5cd0613eaf413,0xa9059cbb000000000000000000000000a85ee730d05050e1373d4d554019a7b6e16809240000000000000000000000000000000000000000000000000000000000000001,0,138,2016-07-30 23:36:42,0x89205a3a3b2a69de6dbf7f01ed13b2108b2c43e7,0,0.0
95,0x55c303ffc15fff999ae3157a14445e398ff901710a79d3b42a5fd24cd7016e4b,1984490,1355810,,78032,0xa9682abc9a2ce41a52cb1da4ee70f12d8201d82d,151032,20000000000,36032,0x16aed7c607623ca4bafecacf053f080678b76f03258530f73331155258090d0e,0xa9059cbb000000000000000000000000962be5bb8013a6631f438cf5f8a72ce6e7f64d2f0000000000000000000000000000000000000000000000000000000000000001,0,11,2016-07-31 06:57:48,0x89205a3a3b2a69de6dbf7f01ed13b2108b2c43e7,2,0.0
96,0x1e822b8570f674220acfc38fc6e56eadcfe26850848627ff56ed2f9f2fde53b1,1984663,1355637,,21032,0x4536e066c1eefbe5892723f3791ebf1ce96c693a,136032,20000000000,21032,0x4a18f28a7ee8b259bb80bcbdc6d8fb9ebba80c023b2836f8c0c359c3de4dfef4,0xa9059cbb000000000000000000000000962be5bb8013a6631f438cf5f8a72ce6e7f64d2f0000000000000000000000000000000000000000000000000000000000000001,0,6,2016-07-31 07:39:13,0x89205a3a3b2a69de6dbf7f01ed13b2108b2c43e7,0,0.0
97,0x9bef2eb6366d186d5f9400e0c7cbd1d139d24f9aa3eeeab381f59ea025bf9f54,1985359,1354941,,49220,0x374139a05ac55917badd3f934f1b93f5c8623ded,128220,20000000000,28220,0x75c25a414efb001e8751417fa5bab135864910b28ee833db7c1ca5c8cf5fa101,0x095ea7b3000000000000000000000000c7e9ddd5358e08417b1c88ed6f1a73149beeaa320000000000000000000000000000000000000000000000000000000000000002,0,74,2016-07-31 10:32:42,0x89205a3a3b2a69de6dbf7f01ed13b2108b2c43e7,1,0.0
98,0x4e14ba4b67f845145013eb05e04fb47a421e49c32fb22952a2baa7ed60043e35,1997350,1342950,,826695,0x464a96d561033a6d1d0d2e6962c59d0b5362d406,151032,20000000000,36032,0xc630689b5c5a2549569b52421645c9633afe92df47d7427f50209d56371c3e5c,0xa9059cbb0000000000000000000000006ff41ab84108fa34cba5ec805bcc0ae68d10901b0000000000000000000000000000000000000000000000000000000000000002,0,12,2016-08-02 10:56:41,0x89205a3a3b2a69de6dbf7f01ed13b2108b2c43e7,1,0.0
99,0x744f9002ca14484b0a1a252603294e182b11d33bd948d7ad38492110c15bad50,2002317,1337983,,115292,0x882bd3a2e9d74110b24961c53777f22f1f46dc5d,151032,20000000000,36032,0xc9606467f9e43b7d20980a23c3055e05f599ffe3d6d065a9f61883336d8653f2,0xa9059cbb000000000000000000000000e63ae0d394ea9a9e6db0a16d20c945c45ca834f10000000000000000000000000000000000000000000000000000000000000001,0,15,2016-08-03 06:58:47,0x89205a3a3b2a69de6dbf7f01ed13b2108b2c43e7,3,0.0
100,0x5174e825e7150bb4d080374ecd0ccbafaf1e3ccb2325ab1a5ca8b6de91e0cd1f,2011539,1328761,,78032,0xc0f5228127fe170c6c26e46a1462a86403fd726c,151032,20000000000,36032,0x3ca2fbbe42748082c81c80fcedf9d1fd07c70a4be90315cb020dc08c9f4eb073,0xa9059cbb0000000000000000000000005316a0145b1c1ce43fc5e3c6503f19d66acf013d0000000000000000000000000000000000000000000000000000000000000002,0,36,2016-08-04 19:07:21,0x89205a3a3b2a69de6dbf7f01ed13b2108b2c43e7,2,0.0
101,0xeb8a447b98a2b7f1ddcbc8871a2bd382b40e0aa43fe1f170a236801437885bc2,2012176,1328124,,93032,0xd1220a0cf47c7b9be7a2e6ba89f429762e7b9adb,151032,20000000000,51032,0x852a9c3c14029d6f22854bc6265dacf4dc4837bd4a9ebf51af86bf00dba479c2,0xa9059cbb000000000000000000000000d1ccfbf0a0dc2a9ed8a496b07e81dd8ecd7cb00e0000000000000000000000000000000000000000000000000000000000000001,0,319,2016-08-04 21:30:35,0x89205a3a3b2a69de6dbf7f01ed13b2108b2c43e7,2,1.0
102,0x37f8ceb9bdad8d5671f8003cd256f0b96adb3ca610c91f7b0ad1619667273775,2012306,1327994,,63032,0xd1ccfbf0a0dc2a9ed8a496b07e81dd8ecd7cb00e,136032,20000000000,21032,0x0f1a07344f34401eab91f9911ca2a0e79fff7072b6d8e4206318d64681b77051,0xa9059cbb000000000000000000000000d1220a0cf47c7b9be7a2e6ba89f429762e7b9adb0000000000000000000000000000000000000000000000000000000000000001,0,3,2016-08-04 22:01:46,0x89205a3a3b2a69de6dbf7f01ed13b2108b2c43e7,2,1.0
103,0xdee6e037f427c87566f9266586ccf5f681711ef3f745ee4fed22212cca1f7796,2036078,1304222,,51032,0xd1220a0cf47c7b9be7a2e6ba89f429762e7b9adb,151032,20000000000,51032,0x8dc01b14ec9a73b55766bad3ed51fcf421999898988ff60b1da11ba4d9ec28e0,0xa9059cbb0000000000000000000000004b72b8720c1ac721836bd115f248ab45a736197e0000000000000000000000000000000000000000000000000000000000000001,0,339,2016-08-08 20:28:45,0x89205a3a3b2a69de6dbf7f01ed13b2108b2c43e7,0,0.0
104,0x5c8f1bcf4d8eeebc841e1d618696593fd27ce60512ea4f3378815dc170bb4d30,2036254,1304046,,298154,0xd1220a0cf47c7b9be7a2e6ba89f429762e7b9adb,30000,20000000000,30000,0xb2b6c4c501cd7cb3c7ac6f1760e7387a207f82a1aec0a647709cbcd80a99533b,0xa9059cbb0000000000000000000000001ca4a86bba124426507d1ef67ad271cc5a02820a0000000000000000000000000000000000000000000000000000000000000001,1,340,2016-08-08 21:14:33,0x89205a3a3b2a69de6dbf7f01ed13b2108b2c43e7,9,0.0
105,0xeea8109832dd7a2a6960b3dfd95d42b19361b5cba13cc65423e57ecebbc3209e,2037275,1303025,,236762,0x447ff4ac930acf585e439de1225fad61389c520e,151032,20000000000,36032,0xeb340001e7e1a72e0f89636177b2c7786adf0bcbc8d91901e95f0df6661e0c15,0xa9059cbb000000000000000000000000b9359a580ce8a37a741b026aebb57c1e216b25ec0000000000000000000000000000000000000000000000000000000000000001,0,72,2016-08-09 01:15:06,0x89205a3a3b2a69de6dbf7f01ed13b2108b2c43e7,9,0.0
106,0xa958141d9603deb42b30725fcb636f4fe7357a87b315e5e68ad099714b8754dd,2048377,1291923,,1056415,0xd1220a0cf47c7b9be7a2e6ba89f429762e7b9adb,130000,20000000000,43220,0x7e45aac8c0ddbb02d989715a322e0beda9393531c4570c29eb6a802d7fa80cd5,0x095ea7b30000000000000000000000001ca4a86bba124426507d1ef67ad271cc5a02820a0000000000000000000000000000000000000000000000000000000000000001,0,363,2016-08-10 21:00:02,0x89205a3a3b2a69de6dbf7f01ed13b2108b2c43e7,37,0.0
107,0x9d4d4ee91c565a68732664ad30ceb56f0503c61fb3ead20d8ccb63ebe2e4354b,2048385,1291915,,91220,0xd1220a0cf47c7b9be7a2e6ba89f429762e7b9adb,130000,20000000000,28220,0xf553b14aeeeac822ee528802b280fdd59a8875db27fc34a3a61e6e56717aa383,0x095ea7b30000000000000000000000001ca4a86bba124426507d1ef67ad271cc5a02820a0000000000000000000000000000000000000000000000000000000000000001,0,365,2016-08-10 21:02:17,0x89205a3a3b2a69de6dbf7f01ed13b2108b2c43e7,3,0.0
108,0x2387896b9371ed1eaa61774e1cc83c8de8000b4e9b88d23a10e0eb18e18f8a67,2084081,1256219,,446767,0x33f844352144a9ddd91542b0adcd8ba0dd142e93,135968,20000000000,135968,0x13bc099cad56e4c11a88bd686a18f94a8ad49b4f2091302a1b314a68328356c4,0xa9059cbb00000000000000000000000094a966de39e7b1f2af4310b5bf3ddfb9fc10869f0000000000000000000000000000000000000000000000000000000000000001,1,8,2016-08-16 18:32:37,0x89205a3a3b2a69de6dbf7f01ed13b2108b2c43e7,6,0.0
109,0xbc4dbd9405d6fed9fdb50c78250298419ceead903e032323c35e7e49c3773be0,2090294,1250006,,539994,0x7ee5cc15638c93531b12aea1d6a147a6de263459,151032,20000000000,36032,0xfe31d93af76bf1faa3d101b912ec68c2329f060ef4e2dd6632605666dd2bc274,0xa9059cbb000000000000000000000000fd7ce90f10493d45d3c4b184462cbbe5e937cd4a0000000000000000000000000000000000000000000000000000000000000003,0,0,2016-08-17 19:26:11,0x89205a3a3b2a69de6dbf7f01ed13b2108b2c43e7,16,0.0
110,0xed527b0bba4b89f1d591efa1b719b6ee21f6a094dc8fedbf86ce7b2989c3c6c3,2149916,1190384,,36032,0xb41bde3553f31330b4f17f375658d51befb165f3,150000,21000000000,36032,0x35facf3b5f0bc2907895e7a810722cbadf039e238eb024c2367483493c0ae608,0xa9059cbb000000000000000000000000b14a69f07852fac3a30c49a288c11b84fc739b3a0000000000000000000000000000000000000000000000000000000000000001,0,19,2016-08-27 15:48:53,0x89205a3a3b2a69de6dbf7f01ed13b2108b2c43e7,0,0.0
111,0xe703fd751b3e1d5bdf19b4a9400659648d81502da869ac60639ff4dcbd8fcbdc,2150073,1190227,,381087,0x77998b19c7c2860ff98e3d7fed54305ca6d7be23,121000,20000000000,21032,0xfb2008a1cc8f7d97a0e99d699c1d5de56b6f3cdad9c2318f76630db7513cd9af,0xa9059cbb00000000000000000000000053a5784d5fbbf7a9513535020dc7c7c045246e3e0000000000000000000000000000000000000000000000000000000000000002,0,42,2016-08-27 16:24:01,0x89205a3a3b2a69de6dbf7f01ed13b2108b2c43e7,14,0.0
112,0xa3bd2fde57ceeb9300f67fe42325004dda9c63bc48a7f3584b5ac31604a7bfec,2193806,1146494,,57032,0x0505565676f541a637cd54767a8d41df834b6293,136032,20000000000,36032,0x68fc60b7ad5f3a3acd0f339730abe17988288b1488c6d09c609a5855211e097f,0xa9059cbb0000000000000000000000009ef09064ba2a8ecda1798aca9afaceac0ab2175c0000000000000000000000000000000000000000000000000000000000000001,0,28,2016-09-03 22:27:36,0x89205a3a3b2a69de6dbf7f01ed13b2108b2c43e7,1,0.0
113,0x103a653185fd912abf96e1288cc10f0d7b79e1583b7ab9fe79b5ae45d65e3e3d,2211994,1128306,,153650,0x621460331b8b30c2ad25995feac33aaa6cc67085,121000,15026000000,121000,0xb70355ec654bee54229229a7b05439a7e750bc82fdfe3f9943bda61edbb2679b,0x,1,15,2016-09-06 22:44:21,0x89205a3a3b2a69de6dbf7f01ed13b2108b2c43e7,1,1.2e+17
114,0x7f58a3b91f8cdeeac1c0295e891118524fc57cc4da23530fa565d6835c631cc1,2217081,1123219,,36032,0xbaaeea38a4773ed28215a57818258a5bf8c0a86c,150000,21000000000,36032,0xccb9eed95762998ef61e215fceb8269e59444155bafcddbf45b67ea6f4ce50e4,0xa9059cbb000000000000000000000000fc56061e5345faf24ab8520c7af82ca898d5633a0000000000000000000000000000000000000000000000000000000000000001,0,26,2016-09-07 18:42:14,0x89205a3a3b2a69de6dbf7f01ed13b2108b2c43e7,0,0.0
115,0x58e8b2f74ab269e8b2a429bfdf67e3e30f4e9bdd52dfadced686d69e4b0c43b8,2234007,1106293,,241730,0xa8f769b88d6d74fb2bd3912f6793f75625228baf,90000,20000000000,90000,0xe0717ebf9d9babb75e03afb37b8d8394d52ce4ee520945a646d159c83f03fe67,0x,1,35173,2016-09-10 13:59:24,0x89205a3a3b2a69de6dbf7f01ed13b2108b2c43e7,7,2.229157e+16
116,0x3c2dc1701ad465c5bfb27810ae6381f94fe41d483691caf2cd4fdb8bbb397d00,2251286,1089014,,57032,0x5058b1a42dd35ed17ecdfba10524d2a9f5b55ee6,151032,20000000000,36032,0xc23e11b24f621d1ec047ffbe02ac866a5555dcf8793fffe8d5b17df510648ff8,0xa9059cbb000000000000000000000000d3b6958d847d9062e7c8e937aaac3e73311223970000000000000000000000000000000000000000000000000000000000000002,0,8,2016-09-13 10:28:50,0x89205a3a3b2a69de6dbf7f01ed13b2108b2c43e7,1,0.0
117,0xdfbfd14a582f35a0199344b1d2b29571124f8f2674ee5adfd7b12d2de274b79c,2252519,1087781,,36032,0xcf01e013f555b624dc40b9bc96fa5b05cd4d90aa,150000,21000000000,36032,0x0b2caaf4e91580282d82d4b20bf7ae1c7defb16c42a2f779fd942d7f37a76f1e,0xa9059cbb000000000000000000000000f2d362247c6ecb99a2cd588a91bec8d6623742ed0000000000000000000000000000000000000000000000000000000000000001,0,12,2016-09-13 15:25:32,0x89205a3a3b2a69de6dbf7f01ed13b2108b2c43e7,0,0.0
118,0xe8418741f70c7efab5f3e592cc4486cdc44e50ad1b7d9112d7e8f4de8b55a2ae,2260825,1079475,,57032,0xe91e063ac7e9f921ee8a54c91be05172c8f06ec9,151032,20000000000,36032,0x0df8a3da47f0de7da368384de95edd2bb5c38b1a3018f25707659572946f4142,0xa9059cbb00000000000000000000000016a75fccce5f67bcbf8319cfbf0a0e4d37834b360000000000000000000000000000000000000000000000000000000000000002,0,165,2016-09-15 00:19:44,0x89205a3a3b2a69de6dbf7f01ed13b2108b2c43e7,1,0.0
119,0x00a32662eae77cc7473caa9cf7549b4ff5b936a20d0f8911c5ee8a284f604479,2275464,1064836,,207593,0x7b82622724ceb43a1f1d5ae523196afe2f7ba56c,151032,20000000000,151032,0xdf96297dfa8a185486ba92b1a021ef2b9c416aed8b9997cc1fa0470f03f2a3b0,0xa9059cbb0000000000000000000000004e20fe4e216d86e1cb19dd9ee8879e3605a31e450000000000000000000000000000000000000000000000000000000000000001,1,0,2016-09-17 10:23:38,0x89205a3a3b2a69de6dbf7f01ed13b2108b2c43e7,1,0.0
120,0x2a4015140f7c2e065cd83ff3bb2e696afc1a6f0575129505bfef1e3755bff74a,2275484,1064816,,236455,0x7b82622724ceb43a1f1d5ae523196afe2f7ba56c,151032,20000000000,151032,0x5286f96d05476b9405344a3a7692af461fb794f54dcd763bd9005835a0b73db7,0xa9059cbb0000000000000000000000004e20fe4e216d86e1cb19dd9ee8879e3605a31e450000000000000000000000000000000000000000000000000000000000000001,1,1,2016-09-17 10:27:40,0x89205a3a3b2a69de6dbf7f01ed13b2108b2c43e7,4,0.0
121,0xb3335323bfd659ed61d4e92a050c8cb48c3cdbfaea37701139738b2288479330,2275509,1064791,,36032,0x2d39c6a87251be894c6c2f758f7050f301128964,151032,20000000000,36032,0xb2d9fc49dc27db13ec894b730821eef62d1b172408c5b20a2e9ebf7e68bb6fa2,0xa9059cbb0000000000000000000000004e20fe4e216d86e1cb19dd9ee8879e3605a31e450000000000000000000000000000000000000000000000000000000000000001,0,10,2016-09-17 10:33:00,0x89205a3a3b2a69de6dbf7f01ed13b2108b2c43e7,0,0.0
122,0x1cf1fc9b0d53ef5dd3ebd494959e298cdc73c0d159a2a1f683597c7d69264257,2278982,1061318,,78032,0x7301507a4a7593394a31a13ea7910f54b59c56dd,151032,20000000000,36032,0xeee11f54c55d6353de17fc81db2e2cddb1a134edd0d038c62146a6f06eeb58d4,0xa9059cbb000000000000000000000000d3b5f0ea317d03aa70a451d893e78670d071effc0000000000000000000000000000000000000000000000000000000000000005,0,6,2016-09-18 00:22:27,0x89205a3a3b2a69de6dbf7f01ed13b2108b2c43e7,2,0.0
123,0x6a69571f4b9b0bdb6cffe4f8bfdfae247af5b849058cc8a68502f17a926ed1ce,2293319,1046981,,78032,0xdeb1a9887b163003f19f8711b38bd7e2b086a6db,151032,20000000000,36032,0x2173c686076f2be44567b9591ce8dbc7a6fc318309b552b31192fc52c258a254,0xa9059cbb0000000000000000000000001369941a8715a80ff345c89821cac1bed254a5f10000000000000000000000000000000000000000000000000000000000000001,0,20,2016-09-20 09:24:15,0x89205a3a3b2a69de6dbf7f01ed13b2108b2c43e7,2,0.0
124,0xf11941d041b48ac577542bd2601c94a345ab862fa322dd216b2aa52b1d733560,2306338,1033962,,36032,0x080fd954633c019ca6089444c2def0dff494ad00,151032,32210000000,36032,0xa3106045fa2adbf6eb77ebf675c6b5b7978b2b22a6150b35bcc5c469de2646d1,0xa9059cbb00000000000000000000000056bb0b923f25332aeb07631a157d59ea9461557a0000000000000000000000000000000000000000000000000000000000000001,0,17,2016-09-22 13:37:13,0x89205a3a3b2a69de6dbf7f01ed13b2108b2c43e7,0,0.0
125,0xc75dfa8003e3a8688591866f77479ff5b5825750a3abbc84bbb175e478764a28,2308452,1031848,,1257032,0xb1ca776a6cb371fd2de9e5cf44f622580f726e60,51032,22000000000,36032,0x2584e7abaa369f880cf5430a9933a60ae104df843865830c7651118b5343faf2,0xa9059cbb000000000000000000000000551d848b0743d9e92094d32ceb82db0f0cd7ae260000000000000000000000000000000000000000000000000000000000000001,0,22,2016-09-22 22:31:08,0x89205a3a3b2a69de6dbf7f01ed13b2108b2c43e7,2,0.0
126,0x48f04e5a71b297c90265c47c23d9ccaa87280393e1b15fcfa11a8b698d4cdb48,2316249,1024051,,818647,0x07bc2cc8eedc01970700efc9c4fb36735e98cd71,151032,24022262559,36032,0x57bac23b147e166321c7821c27b86bf3be12854f08e7e5cdf97f82b459bac5b3,0xa9059cbb000000000000000000000000d812ade116c33650191118d0d5d11919946490f10000000000000000000000000000000000000000000000000000000000000001,0,20,2016-09-24 04:36:08,0x89205a3a3b2a69de6dbf7f01ed13b2108b2c43e7,29,0.0
127,0x06927f86342c4fb0035287748881deecd93c800fd2ee3ea0c86ed292ab9cf0d3,2319330,1020970,,565264,0xd304b3dc07c42501ae08f11df9bac2a60cfeb064,151032,26196214147,36032,0x59bac68d348f2e99b23d35c6a2bc70e516adc342acc0983442ff214a59738224,0xa9059cbb0000000000000000000000007b1983b12d684eb2e38aad664c6d6282277b96ec0000000000000000000000000000000000000000000000000000000000000001,0,85,2016-09-24 17:08:34,0x89205a3a3b2a69de6dbf7f01ed13b2108b2c43e7,19,0.0
128,0x968f8916917ec68d8950c812127883879a0c3b751ac2978b1654db6f7573ce99,2322349,1017951,,120032,0x001cd48baac4523a667ec7cd28613892c7409bb9,151032,16461120102,36032,0x9a8b2f6abcf51f89ed5799f37f3049ad0ab405900a60f036693dc2d392a9f402,0xa9059cbb000000000000000000000000ef75107a518aa638f33f0432210bd25f254ad8e90000000000000000000000000000000000000000000000000000000000000001,0,13,2016-09-25 05:22:50,0x89205a3a3b2a69de6dbf7f01ed13b2108b2c43e7,4,0.0
129,0x396f42a34b368194aa255775f50a6118141176121b13ff6990cf7890a002f1b8,2372553,967747,,193032,0x47eb8d51a8502d862f51ce3e1e4b30e51abebb36,151032,24506088403,151032,0xc1583e44903b90fcf5c6256698996626bfd063d93f8e1aa926f166a375fe939e,0x,1,15,2016-10-03 12:55:07,0x89205a3a3b2a69de6dbf7f01ed13b2108b2c43e7,1,0.0
130,0x981cb0923a981a333d3a722622f06a683f4b594927a8f4177f0e97325f32e3f9,2372573,967727,,210387,0x47eb8d51a8502d862f51ce3e1e4b30e51abebb36,151032,22862204704,36032,0xd1a7b9e5bfdad68a792908a91f9b4e42a1461cc0d6e84f263ce8a1f1704d28f1,0xa9059cbb00000000000000000000000036a98c6c55d4f1257f23b76f98e85ed1a0c8e0880000000000000000000000000000000000000000000000000000000000000001,0,16,2016-10-03 13:00:09,0x89205a3a3b2a69de6dbf7f01ed13b2108b2c43e7,5,0.0
131,0x78979e1c06709a4fbfa7bf25ef8910cae77c056c0e1c770c151dd7cf40c89f2a,2376329,963971,,144626,0xf8fffdcb6b8b88372b6ae42257f66d93e5189ac9,151032,23269886825,36032,0xb6059aea79bded1ebf63b8fb6dc2462fd897a8b3c10cbbefd39bde329dbf45a8,0xa9059cbb00000000000000000000000071e3c9097edd8cf3b3136cdc2eb69ce2cec80f020000000000000000000000000000000000000000000000000000000000000002,0,43,2016-10-04 03:22:33,0x89205a3a3b2a69de6dbf7f01ed13b2108b2c43e7,3,0.0
132,0x7d2c85d5afd9641092bbab3829cae7ddfab4437396174c7ad2714e29da1054b0,2383343,956957,,1056837,0x6ff41ab84108fa34cba5ec805bcc0ae68d10901b,51032,24000000000,36032,0x5296a8c6e2b1ec38d4cda1631982fa8ccddb645ea75ecd4a7676bddd54f83ecd,0xa9059cbb000000000000000000000000a50949e7a94cbef5d7a145dc2e61b55cdf4181b10000000000000000000000000000000000000000000000000000000000000002,0,4,2016-10-05 07:45:33,0x89205a3a3b2a69de6dbf7f01ed13b2108b2c43e7,11,0.0
133,0x0f064103246a90708032bdc8d2fc2199e84354a48508dc298bd0552e159f563a,2383423,956877,,174080,0xc9ec088f9f0bdd9f8f39b72af5fe0b9aa8c2cfba,90000,22889652063,90000,0xf2a99ee7ca5f6d483e34ce72b85340574c83c2ed8642a642a3a4cf95d691adab,0x,1,0,2016-10-05 08:08:19,0x89205a3a3b2a69de6dbf7f01ed13b2108b2c43e7,4,5e+18
134,0xb92dc2dee053078b12aaf43903681e593dd5716a8ae732e27c5e792b285a941f,2383844,956456,,250042,0xa9cc20d8f6dae9fca19f39a9373e2e31ae8095f3,135968,23493867641,135968,0x896dabd14a39a3c4fe26b2889ffbb4628844b4ef4df7abd5aec950239965e6d0,0x,1,3,2016-10-05 09:57:54,0x89205a3a3b2a69de6dbf7f01ed13b2108b2c43e7,4,0.0
135,0x537adfa84e56afbed4b7b1e25bb88d0def9fb4e3ac6ac64cb9ac0e76105216fa,2383856,956444,,250430,0xa9cc20d8f6dae9fca19f39a9373e2e31ae8095f3,151096,22787139656,36096,0xc0afeec765bd9947726f0d18a1c5224102c62496ce7558ee2a86e438827e743e,0xa9059cbb000000000000000000000000198ef1ec325a96cc354c7266a038be8b5c558f6700000000000000000000000000000000000000000000000000000000000001f5,0,4,2016-10-05 10:02:39,0x89205a3a3b2a69de6dbf7f01ed13b2108b2c43e7,8,0.0
136,0x1e9dfd011b6a91d2a1302f1f54abad354e755a28171c0969d3e32a2a56ad462c,2385418,954882,,57032,0x5316a0145b1c1ce43fc5e3c6503f19d66acf013d,151032,22787139656,36032,0xe3278f1e450415675b08563669cf46ef40857c04d2a1792f8d5fe849e5cf1333,0xa9059cbb0000000000000000000000002c3443274fa5708469cd0a28f2267a145a5ba7ed0000000000000000000000000000000000000000000000000000000000000002,0,41,2016-10-05 16:26:46,0x89205a3a3b2a69de6dbf7f01ed13b2108b2c43e7,1,0.0
137,0xc8e9a04cca90f884e77d280ded388334ae2fc790ca3c4aec1cdc6ccc02da235b,2387129,953171,,111000,0x1657bb3351928be42bb4ba2f62485999cd41aad0,90000,22787139656,90000,0x53cca15dd7781984f28e7331422472d1faba2aa053f92c586421e3ecb79e1afd,0x,1,0,2016-10-05 23:20:50,0x89205a3a3b2a69de6dbf7f01ed13b2108b2c43e7,1,2e+18
138,0x41c243a93e1e801f9205d131b607bb5c11faf32abe90a37d91a10d5dd1314bf4,2393806,946494,,1222960,0x73c5eca33a91fe99f8568c6a204297082c9be296,940000,22746588814,940000,0x022105faafb424cd1f2867e5a02c26776c69ac91ac4dc56bf262a8ec7f8f7973,0x,1,6,2016-10-07 02:21:32,0x89205a3a3b2a69de6dbf7f01ed13b2108b2c43e7,12,20000000000.0
139,0xd7a8d3c712814d37b315b4424c1ee36ad255a89726fd88e04cbaee793e88096d,2393843,946457,,1142550,0x73c5eca33a91fe99f8568c6a204297082c9be296,940000,22746588814,940000,0x3677d93c6582e9de1d95cb7a0f2fb4e2397042f5bcfe103883a769132b159ee6,0x,1,7,2016-10-07 02:30:06,0x89205a3a3b2a69de6dbf7f01ed13b2108b2c43e7,9,1e+16
140,0x2442e2bd9f1a4ffd4438c445a1ca8b34eb52483356f4a04ed9201c4f7697dbaf,2416426,923874,,449523,0xaf5cbd99fa4006a477a6fb666fc021a20f93c307,151032,26957129597,36032,0x6e1bfb3ad0f30b429fa3de2a1a2022a423ddd9c3bda61bf7c91654068a02b8bb,0xa9059cbb000000000000000000000000dd8254121a6e942fc90828f2431f511dad7f32e60000000000000000000000000000000000000000000000000000000000000001,0,4,2016-10-10 20:09:06,0x89205a3a3b2a69de6dbf7f01ed13b2108b2c43e7,15,0.0
141,0xc82825f3b5819a0145462e8475592962c4a1680466c0267c1dcdd50f968e6314,2428642,911658,,712116,0xef8928183d7d43f7c297adc0f3fee05badded9fa,135968,21530206100,36032,0xc0ece6d162f87da2791abdb704274dbd95b814b35e21e34ee7e4b2b274e018f8,0xa9059cbb00000000000000000000000017c854e110fec9f3b75ada3ac3969568dcc136050000000000000000000000000000000000000000000000000000000000000001,0,22,2016-10-12 20:57:01,0x89205a3a3b2a69de6dbf7f01ed13b2108b2c43e7,16,0.0
142,0xe748a32449becd024c76e88dfccb80b460813b9ff88fa8d7675b02509f17cb3b,2464545,875755,,105894,0xb59f8e7cddcb7217207255428a3c8d0e6baeffb7,51782,27000000000,36782,0xd5f891920a4f37f385c24a882e51d3f63a05908a1cab9b684dc2347bf1dba9d2,0xa9059cbb000000000000000000000000311e463b3c2ab4a974719032713c1e2f44a847b80000000000000000000000000000000000000000000000000000000000000001,0,49,2016-10-18 19:19:05,0x89205a3a3b2a69de6dbf7f01ed13b2108b2c43e7,3,0.0
143,0x2698496a3961af94b1a164e5a6b285ce52dfaed9136079d05cbacd88a4fa5641,2469829,870471,,57782,0x1808c6bb8601000be31070463a8034778f5b638d,151782,21711287694,36782,0xfac50e396670cefdd0fb2b9effb287c7b1dba4f64170a0a1c9d20ec7ad92c45b,0xa9059cbb0000000000000000000000009b2ded3dd5e8dba4412a670ba4acc2dbf5359cb10000000000000000000000000000000000000000000000000000000000000001,0,3,2016-10-19 17:09:25,0x89205a3a3b2a69de6dbf7f01ed13b2108b2c43e7,1,0.0
144,0xae2cbd5d101577365242c888e2440fbf8512b296ff0b0de5d49bd0c79d8bcdb0,2501522,838778,,78782,0xa92e6abc1156b6ed4948cc962cb60f250d422c68,151782,20000000000,36782,0x3c538cf9f192e714c5e33a277416f3fa744e5a9e27710521b59300556eadcbd7,0xa9059cbb000000000000000000000000fd6c5ac853391486d25ddd5cefb1f7040ee31c2c0000000000000000000000000000000000000000000000000000000000000001,0,6,2016-10-24 21:56:04,0x89205a3a3b2a69de6dbf7f01ed13b2108b2c43e7,2,0.0
145,0x8a43cc67e61d4aff91f700e4a4178da14da4e7642709681352a467407f0da88a,2535323,804977,,78782,0x59795fccfbe2f166651c6b73d10a7a1522a0ed89,51782,22000000000,36782,0x043155832658d8e7507fd68765c41846c6360d64e24615c0581bb516acf4a30f,0xa9059cbb000000000000000000000000b3b8a41348750766d223e37f5a10bcb6fde5214b0000000000000000000000000000000000000000000000000000000000000003,0,20,2016-10-30 14:19:09,0x89205a3a3b2a69de6dbf7f01ed13b2108b2c43e7,2,0.0
146,0x255c2e1b80a2fd8ccb4dd39df3351fbc03842af8f205d5356a2a49372f71196f,2538850,801450,,262963,0x35711ccf60f1f284d6248c38d77e3bb371d1541e,151032,19999840000,36782,0xdaa6369a8be59df560e1e7bc88d4d094cc2e69aa0e7706a71187a5565bebbdc9,0xa9059cbb0000000000000000000000000d6a68d3ebc5ff2fa4edbac608578083831415050000000000000000000000000000000000000000000000000000000000000002,0,8,2016-10-31 03:50:12,0x89205a3a3b2a69de6dbf7f01ed13b2108b2c43e7,9,0.0
147,0xdd210b697bf64fd805ff7b6b7d2764f3799a5e9bff36b540850a50d354374402,2555844,784456,,1338832,0x67a7e6ba325a517d17ca6882440fb64fe461c5be,130000,19999840000,43220,0x9d0d0ed8ad9e0e467fc1d6f23960aa8bf87e525d9ed53608727d33eb63270b6f,0x095ea7b30000000000000000000000001ca4a86bba124426507d1ef67ad271cc5a02820a0000000000000000000000000000000000000000000000000000000000000001,0,18,2016-11-03 00:26:31,0x89205a3a3b2a69de6dbf7f01ed13b2108b2c43e7,28,0.0
148,0x377f05d301fbb4638d670d534e1f03541ef4b19d9f44ce3255635f9f9a4c79a7,2555954,784346,,400445,0x67a7e6ba325a517d17ca6882440fb64fe461c5be,151782,19999840000,36782,0xcf904a8d83ec31a400a41a22bda442cfb60f7f921fcf65246182d7a46adfb093,0xa9059cbb000000000000000000000000fdfc39ebe6f5944db598220663f2cce7d36f2fd90000000000000000000000000000000000000000000000000000000000000001,0,20,2016-11-03 00:49:43,0x89205a3a3b2a69de6dbf7f01ed13b2108b2c43e7,9,0.0
149,0x7deb4f74b97433fb99955402f39f86afcb8bc3f1f80675724310a694eab737e2,2561113,779187,,36782,0x27eb00196569573190e6a4d9222dfdad8a7d720d,51782,23000000000,36782,0x90bd52825b7e075b8dcde8aa671b29027246e14ecae8e87b31eb8598c883e04a,0xa9059cbb0000000000000000000000006a5b4eadb5db3d7e783d964de82948a8a4f2dea50000000000000000000000000000000000000000000000000000000000000001,0,5,2016-11-03 21:41:51,0x89205a3a3b2a69de6dbf7f01ed13b2108b2c43e7,0,0.0
150,0xbdd1d7152584f5ae937b7dc0638f5bdb49fa76db4b9b384a22ec5c330ed3d62e,2562852,777448,,245417,0xb2bf3a2ef8a3e0e5665c4f752aab687fee58d85c,151782,20000000000,36782,0x91a44f3a60f7fb91876c9fe2e87d5dfd287c754b75063f23830cb4497eb2afa5,0xa9059cbb00000000000000000000000056194627cf4f748d1923b87afb6633217dfb1b7f0000000000000000000000000000000000000000000000000000000000000001,0,79,2016-11-04 04:55:50,0x89205a3a3b2a69de6dbf7f01ed13b2108b2c43e7,7,0.0
151,0x1aeb17603d2609154c3668c63bb8e311a12d5306c8fa82da694d01301051a705,2567618,772682,,57782,0x85b8957a80776be81b03c40c6cff304e19ef1d70,51782,21000000000,36782,0x84f46165a3bfd871ffef1be6e69d52b49565bd8ce374fe429e6c8f3720c55e60,0xa9059cbb000000000000000000000000a7c5942a8305e88a08ab34fb73ef9dd8b329da050000000000000000000000000000000000000000000000000000000000000001,0,13,2016-11-05 00:09:02,0x89205a3a3b2a69de6dbf7f01ed13b2108b2c43e7,1,0.0
152,0x8e6f06a8c96671db2b210e2d05e781719086a3b18820b9f262fed2ef54401721,2571467,768833,,230989,0x17c854e110fec9f3b75ada3ac3969568dcc13605,151782,20999832000,36782,0x8bb8b53f55f353b0b541f91f04ad9e3293dd7e011c44ab5bda0c77cc7f84aab8,0xa9059cbb0000000000000000000000004728a575e346a7d63872b109292506f43b21f46d0000000000000000000000000000000000000000000000000000000000000001,0,14,2016-11-05 15:34:10,0x89205a3a3b2a69de6dbf7f01ed13b2108b2c43e7,4,0.0
153,0xd0500abf0fc33f00d74b20577e87df9322c6b45daa8203d3ca23d3c60e46baad,2572550,767750,,130659,0xf449c9316c9a9e72f858488dede183dd4351b414,151718,22065999998,36718,0x013d116ed769b56a8e0470aba5e7649146e50440c514e9cbf189cf85b5a5ddf8,0xa9059cbb000000000000000000000000c56b549e0555f91732746c3d3cc50125d328e9000000000000000000000000000000000000000000000000000000000000000001,0,13,2016-11-05 19:58:22,0x89205a3a3b2a69de6dbf7f01ed13b2108b2c43e7,4,0.0
154,0x7791c352065c38c0287e2996d50eaf1c52c7e6fdf367b0d3607405eccea39790,2583413,756887,,907631,0x0d6a68d3ebc5ff2fa4edbac60857808383141505,51782,21000000000,36782,0x2ea3e66cac6105b4354b99e62c186cb5996f354b131ef8e3e28bf9d97b605435,0xa9059cbb000000000000000000000000baf11a4ad2cd850b11d160f9951975c8f31527980000000000000000000000000000000000000000000000000000000000000002,0,6,2016-11-07 14:27:19,0x89205a3a3b2a69de6dbf7f01ed13b2108b2c43e7,31,0.0
155,0x651aefce413c2f6a5b1f346c3d2897c961351fb17d654ab3470658ef95889909,2620473,719827,,36782,0x07c01d8b4c0e52d63e93be1a3a8cd08945ac2b4f,51782,61000000000,36782,0xe98e632e62f22d9e68d09e7c576664e294056551a6b79a440e1e60da2a368f02,0xa9059cbb00000000000000000000000007c01d8b4c0e52d63e93be1a3a8cd08945ac2b4f0000000000000000000000000000000000000000000000000000000000000001,0,9,2016-11-13 17:00:00,0x89205a3a3b2a69de6dbf7f01ed13b2108b2c43e7,0,0.0
156,0x52be956c3a57d098095c00fde866d3d79c9f8a210a8497829feea6303701751f,2620494,719806,,42782,0x07c01d8b4c0e52d63e93be1a3a8cd08945ac2b4f,36782,61000000000,21782,0x7f0d1a64dd5b46e6e192efeb782e551f63c7b4202b6331463fcc4f231494de2f,0xa9059cbb000000000000000000000000a50949e7a94cbef5d7a145dc2e61b55cdf4181b10000000000000000000000000000000000000000000000000000000000000001,0,10,2016-11-13 17:04:35,0x89205a3a3b2a69de6dbf7f01ed13b2108b2c43e7,1,0.0
157,0x48c95cddb7d0cc67cf114af2dc2f526d4aa6c76da5830c00e3dd0f1969335487,2623768,716532,,1345449,0x9b04cb8169b447f71e3df5b435181e2d077b50e8,151782,19999840000,36782,0x3020e97fe0325e1e5571c5083f644a1b37560f20f9a375ed9ef84686335b2194,0xa9059cbb000000000000000000000000d30ae67c64a910ba6612bd55575ad203a949f2470000000000000000000000000000000000000000000000000000000000000001,0,15,2016-11-14 05:58:17,0x89205a3a3b2a69de6dbf7f01ed13b2108b2c43e7,45,0.0
158,0x9ba67ee86bcb66f255a3f7e321072d112d0fe7b7d702aef286cd56f1c646b0ef,2659897,680403,,24091,0xf43960d71d0183a7a085b57dd57dd804d9af111b,24091,63000000000,24091,0x32c8c216cda96d7a2e9647e77af29356daec40800249a8e7c52bccc42c8cdbf3,0x,1,0,2016-11-20 04:44:00,0x89205a3a3b2a69de6dbf7f01ed13b2108b2c43e7,0,1.6758463e+16
159,0xaf68f0d3ccfcf9e463b78ff101f8809e3c021c3a546ff7ef69c683b441401f03,2670834,669466,,570422,0x36a98c6c55d4f1257f23b76f98e85ed1a0c8e088,136782,19999840000,36782,0xfff67fedba87a3b4e2a2c2d1a42afa8856e1761bb188363286459757e5d4d016,0xa9059cbb000000000000000000000000b15e71a1adbe39e7fbb513177dcc5fe93a9107870000000000000000000000000000000000000000000000000000000000000001,0,8,2016-11-21 23:35:04,0x89205a3a3b2a69de6dbf7f01ed13b2108b2c43e7,11,0.0
160,0x71479328831acb9e9f42af82d4c82ce4c19fa8e3f061c99b30610db3d401a454,2693435,646865,,484867,0xa3ad1e4cbd54d4be96b2e1fe0d3fb373b5accbfb,121000,19999840000,121000,0x17a9dfc518ab69f6688b55b6c7a095c03c7a2894d9be566386b3e35c6c777c51,0x,1,1,2016-11-25 19:06:17,0x89205a3a3b2a69de6dbf7f01ed13b2108b2c43e7,14,5.5e+17
161,0x0e9f0a78d57d54708b54a096c9cfd167db932e1cd016bfcb0759245101a0496a,2702643,637657,,333333,0x32be343b94f860124dc4fee278fdcbd38c102d88,333333,30000000000,333333,0x12b3cae01f7a1cda3e47b11c1a7ef21e568dad4a0fdecb760bb8cdc465357845,0x,1,176765,2016-11-27 08:03:08,0x89205a3a3b2a69de6dbf7f01ed13b2108b2c43e7,0,4.99e+18
162,0x66c21b587e0889a869595d6140113636319939f28d144b458fdee61a435266a9,2732034,608266,,45091,0x2af90d9d3bfd0809bb39976e64ec8e227d099c26,24091,61000000000,24091,0x173e986e8c692edd2d01180199f3524a44dce6aed5aa7a46da071546f27a374b,0x,1,0,2016-12-02 05:05:52,0x89205a3a3b2a69de6dbf7f01ed13b2108b2c43e7,1,1e+15
163,0xece393a0e6e19c770ca432d01a603167ad654418156fa7ee1006bc077b0e73c2,2766128,574172,,226605,0xa50949e7a94cbef5d7a145dc2e61b55cdf4181b1,51609,43000000000,51609,0xc5203b067b2404944d644f35c17b57ed915256241df76619e871615c351bc982,0xa9059cbb00000000000000000000000070216dad1da9824aa0de60bb8c18a81150150c470000000000000000000000000000000000000000000000000000000000000003,1,42,2016-12-07 19:55:47,0x89205a3a3b2a69de6dbf7f01ed13b2108b2c43e7,7,0.0
164,0x218ef60092ec6480f89757f085ac076daf22318d4580e61191f8eded6dbfa8d6,2785295,555005,,473547,0xa85ee730d05050e1373d4d554019a7b6e1680924,52038,42000000000,37038,0xb81be56177fabc36adb70c417a27a4ac913bb7cd2c19e4a40848b3b41e5fc744,0xa9059cbb0000000000000000000000009d78e29308c0d3fb650d4701ae99f154366c3b000000000000000000000000000000000000000000000000000000000000000001,0,8,2016-12-10 23:33:36,0x89205a3a3b2a69de6dbf7f01ed13b2108b2c43e7,18,0.0
165,0xf81afe103965453d596f4ccd6290e6e07bc801b18c7fa8b2aa6761af47121942,2819096,521204,,305181,0x208447a8bdb25ca7e47688283dab8c7c507324fa,90000,20000000000,90000,0x468d72c6e31f98cf5c6378b6ee504cc523997c2e6b075996f5643698bec921a4,0x,1,0,2016-12-16 13:27:09,0x89205a3a3b2a69de6dbf7f01ed13b2108b2c43e7,3,9.191234e+16
166,0xf3b7ce006a36bdc5dc744fee740cf79e43e9101470cbabc07aba045c9271d264,2819113,521187,,1380630,0xa88d0bd0d8f6cadf5af49d4d67e159f986c1cd53,90000,20000000000,90000,0x2d755c5b79eeb6a26b0ea9f9117a97fbb623c541f2d435a1922be273ba17f232,0x,1,0,2016-12-16 13:31:50,0x89205a3a3b2a69de6dbf7f01ed13b2108b2c43e7,52,1e+18
167,0xc8e3bc5c85b6268a6f1c63d839e343bf632d4fc7edb78feaaf22054b84eca03c,2821967,518333,,684756,0xa569c729c659db3b92a6d0168e516cafd12c468f,44446,61000000000,44446,0xe63aad55eab0ad5de2bbd2bfc75e4cc84e9e92484082efd4f073c176da86b561,0xa9059cbb000000000000000000000000c51d990dcf1afb87c02fddf8153cc58ca54a64710000000000000000000000000000000000000000000000000000000000000001,1,33,2016-12-17 00:57:04,0x89205a3a3b2a69de6dbf7f01ed13b2108b2c43e7,20,0.0
168,0x3f9772165f8497b3ccda5592ec3c0693ff4d03d460c9994cd4c0a74e1a3567ee,2821990,518310,,37102,0xa569c729c659db3b92a6d0168e516cafd12c468f,100000,72879945833,37102,0x76e3a3bfbf16dc564878c208a06ee457f71d8a6b0e78cc840c23a5dcec7043fd,0xa9059cbb000000000000000000000000c51d990dcf1afb87c02fddf8153cc58ca54a64710000000000000000000000000000000000000000000000000000000000000001,0,35,2016-12-17 01:02:22,0x89205a3a3b2a69de6dbf7f01ed13b2108b2c43e7,0,0.0
169,0x74fed081dc88c85e0226b80f9524e9adaaecde7791d35952b1bcbc458a47751b,2831920,508380,,140180,0xe094ca63591671bf64a4774dc610187649324bcf,152038,41000000000,52038,0x34bd500966a5302e48afd656cbb3a5b000541ac284b3aba423c2e0e386b64f32,0xa9059cbb0000000000000000000000003eb77690cd066dfb5058ea987a003413d17cfeb30000000000000000000000000000000000000000000000000000000000000001,0,3,2016-12-18 16:13:34,0x89205a3a3b2a69de6dbf7f01ed13b2108b2c43e7,3,0.0
170,0x3b123f209dc8553d32357dfc59c85bb90eea785cc4c5e4a37e8a0cd690338fcf,2841677,498623,,37102,0xa36cef69157b7e182e79e623f65377c789b2601f,52102,41000000000,37102,0x02e318dd48bd4cf467b18d6bcd8f6bdc8fb81bcd477855a9896b5c3309da402b,0xa9059cbb00000000000000000000000017012255603b71fa3c0c0fd2356bbed5c99f20390000000000000000000000000000000000000000000000000000000000000001,0,27,2016-12-20 06:40:38,0x89205a3a3b2a69de6dbf7f01ed13b2108b2c43e7,0,0.0
171,0x729c237e4e3345df1d80fd45c20555dbc5179995457d436217954d172d9b3882,2881084,459216,,693005,0xddfc246ff78561436927067591825a223078900c,137102,20000000000,37102,0xd9ddaaa9e55a5865454f2857e1879bdf1d520a53a5bec583e2f8f6c356b4a473,0xa9059cbb0000000000000000000000004c5a3ef2b8d48bd8e81cf7de4b93d208a4cbfe410000000000000000000000000000000000000000000000000000000000000001,0,41,2016-12-26 19:20:48,0x89205a3a3b2a69de6dbf7f01ed13b2108b2c43e7,20,0.0
172,0x8e4004e3399d6725395206b64798f4345eceff171aa0c9077f7dff43b9ce24f0,2919743,420557,,207966,0xfdfc39ebe6f5944db598220663f2cce7d36f2fd9,137102,20000000000,37102,0xb7752f6c44278820b0f9558a61ba99cad3e51e744229364bbbf6fb6b59d8a04a,0xa9059cbb000000000000000000000000b21cc89a2c46f255c33164eec76ba612784ef68e0000000000000000000000000000000000000000000000000000000000000001,0,5,2017-01-02 05:00:59,0x89205a3a3b2a69de6dbf7f01ed13b2108b2c43e7,6,0.0
173,0xaa192751032cb44ab4f1efe52ccb691addca4cf61cf574139fc25ad38eaf764b,2946480,393820,,79102,0xaff48892472254c3d67e8d56b807206d01df41fa,137102,20000000000,37102,0x45a44bea2dc8c42893467af61fb7b96d495cfbff34249e1969cffdd636d160bd,0xa9059cbb000000000000000000000000c24229876dc5fa59bdb6cd0f8cbc82d50a194b3a0000000000000000000000000000000000000000000000000000000000000001,0,28,2017-01-06 14:24:30,0x89205a3a3b2a69de6dbf7f01ed13b2108b2c43e7,2,0.0
174,0x3e84fb139dcde49c485078f438e576409fc6f0d3b3180ba3ff7edcb9d95022e2,2952659,387641,,218950,0xb3b8a41348750766d223e37f5a10bcb6fde5214b,137102,20000000000,37102,0x9b8991ec581af89ad69699b6210c45a93e474e60f41462c2306de24a001a4b44,0xa9059cbb000000000000000000000000e0cc52bbc9daa93b352dc9aa75ce328d8c0af3bb0000000000000000000000000000000000000000000000000000000000000003,0,13,2017-01-07 14:49:51,0x89205a3a3b2a69de6dbf7f01ed13b2108b2c43e7,6,0.0
175,0x252cfdfd4f7c34c30f5b7f0cb78778baf7827603e5dfd766241456eccc6dee3e,2953545,386755,,249093,0xb3b8a41348750766d223e37f5a10bcb6fde5214b,137102,20000000000,37102,0x4aed33e388ab3e5cbb16af204abc68839532774de798f92a4e2ba2016cc24455,0xa9059cbb000000000000000000000000e0cc52bbc9daa93b352dc9aa75ce328d8c0af3bb0000000000000000000000000000000000000000000000000000000000000003,0,17,2017-01-07 18:26:56,0x89205a3a3b2a69de6dbf7f01ed13b2108b2c43e7,6,0.0
176,0x6341cf8f2cc0bbce7efbb530dd4f65019a8229137e737af1b5b8139ed1cc8002,2964241,376059,,37102,0x08c12ab3ecc89a7b39d60507e62bcb6cff23130a,52102,41000000000,37102,0xda2565778c7602504323d59eaa36b5e1a33e3632fbea78b562cb126fb5056cad,0xa9059cbb0000000000000000000000003b4b4a3efd543824831edd72d1f244e0661d14c10000000000000000000000000000000000000000000000000000000000000001,0,29,2017-01-09 12:37:55,0x89205a3a3b2a69de6dbf7f01ed13b2108b2c43e7,0,0.0
177,0x3a703835e96fb4b01d2ce01d7610372b5ded11e317750ca6892ba89d867ac97d,2999613,340687,,157038,0x4c2503bf85ddabbfacb3b1e00195ad1e8685c108,62446,20000000000,52038,0xdf1e8e6528f4f81fc1414b6489bf821c9c584ac5b588347e7c0623e0e8cf92ea,0xa9059cbb000000000000000000000000005b4f250bb4964068db714ba89095acba86699e0000000000000000000000000000000000000000000000000000000000000001,0,31,2017-01-15 08:43:36,0x89205a3a3b2a69de6dbf7f01ed13b2108b2c43e7,5,0.0
178,0x11c2453c7732a73b9ac4c16f9f66d0bab2041b3617d8cce701909cc71ca87a49,3006702,333598,,58102,0x6d37d888ea44d544445e50b7a212a07f17e55319,137102,25000000000,37102,0xa43c986f22419aff917e6e6559efb826ba8b59a34159fc384472bbec099ab404,0xa9059cbb0000000000000000000000002f29909bd25edb565f536e27fc31ce4a83d4de710000000000000000000000000000000000000000000000000000000000000002,0,22,2017-01-16 12:44:25,0x89205a3a3b2a69de6dbf7f01ed13b2108b2c43e7,1,0.0
179,0xf2233d39460268ac828e53f27fcaf740a421d261257065eaee36692216f86391,3031182,309118,,52102,0x53a5784d5fbbf7a9513535020dc7c7c045246e3e,152102,20000000000,52102,0x6ab36025b40df16796bdc752660fbbdd61450c7e5acec0ff92f9eb48bc5cf446,0xa9059cbb0000000000000000000000000d3748d8740e82a19216d3dd24ef51243745c5af0000000000000000000000000000000000000000000000000000000000000003,0,52,2017-01-20 13:46:05,0x89205a3a3b2a69de6dbf7f01ed13b2108b2c43e7,0,0.0
180,0xdca48b060a84964c050bd9d38d6fa026058ef4abfcd77565950c04d4aa61366a,3058309,281991,,519826,0x4c5a3ef2b8d48bd8e81cf7de4b93d208a4cbfe41,57038,41000000000,37038,0x4b2360a79ad6432660939ce9504cf82331507784dce795c245f8deebfe6cc94d,0xa9059cbb0000000000000000000000002cb8401f9e870b8fd9239340bb1576819ad500730000000000000000000000000000000000000000000000000000000000000001,0,3,2017-01-25 01:25:21,0x89205a3a3b2a69de6dbf7f01ed13b2108b2c43e7,9,0.0
181,0xeb04172e6393f1abe0b6f790f74b6b667004a8ff823700a913bdce6ee6003bdd,3059272,281028,,999992,0x9bb0173bd6dfddf84f82299c5b7f877cace9ab6c,137102,20000000000,37102,0xd4689f60c8e00933e4225b73119ddf7243ae0298f2c9f5a471ad0d42d074f271,0xa9059cbb000000000000000000000000c7e9ddd5358e08417b1c88ed6f1a73149beeaa320000000000000000000000000000000000000000000000000000000000000001,0,9,2017-01-25 05:23:34,0x89205a3a3b2a69de6dbf7f01ed13b2108b2c43e7,17,0.0
182,0x7be9057ffea65cb9b413b0a9f8f0c2eb4579e4ee6eddc91a7b604f7fdd5fed1a,3063995,276305,,21000,0x91620f3eb304e813d28b0297556d65dc4e5de5aa,21000,20075000002,21000,0xc779c95783a22dcb0403547d437e64dda03954317673027d5afde571cb2f41bc,0x,1,11,2017-01-26 00:08:00,0x89205a3a3b2a69de6dbf7f01ed13b2108b2c43e7,0,4.028e+18
183,0xa9621dcd2d6c1ba7b6f9ed832a8c509b5331f4fbcbf9bfd6f764b1836fc19fae,3064059,276241,,241632,0x91620f3eb304e813d28b0297556d65dc4e5de5aa,22000,22300000001,22000,0x3b3c369357f9199a605078173a738ef79efa6e3da1b253b1a2b8cc9fa1c68f57,0x,1,12,2017-01-26 00:20:21,0x89205a3a3b2a69de6dbf7f01ed13b2108b2c43e7,3,2.028e+18
184,0x3094a5435f9eb4346391148626badac608c54e74bfe598a3a29a24c56ea6ba0e,3064093,276207,,542000,0x91620f3eb304e813d28b0297556d65dc4e5de5aa,500000,20000000000,500000,0xd37f576ea1a9186a36eff55ce9a24455d89ea89f1e05a280f3ddbac70905c2da,0x,1,13,2017-01-26 00:27:33,0x89205a3a3b2a69de6dbf7f01ed13b2108b2c43e7,2,4.03e+18
185,0x103f64d1f73d70fcec7fd5a0187b924f674a61635366693d8474a701ea7421a5,3064106,276194,,580256,0x91620f3eb304e813d28b0297556d65dc4e5de5aa,542000,35105000000,542000,0xb4dc53c75e0002ce20cdd413a1f5d978937212dd616fbc7d2586c8dc61ca7047,0x,1,14,2017-01-26 00:32:05,0x89205a3a3b2a69de6dbf7f01ed13b2108b2c43e7,1,4.028e+18
186,0x9c6f430a08514aee526d59bbaa3466488e0a42a84d2ed0dbe7c81b1134c19dcb,3091304,248996,,642419,0x84b1dcf1e904c61dca3ea6331be2117e125c623e,137102,7000000000,37102,0x0038ddd0d28717f1ac064755c791a730f4d9e7cc610cb28ca8798bb2b7aab9dd,0xa9059cbb00000000000000000000000063ab5c10cf7cdaef75c6704eb7cce4bab1c7915f0000000000000000000000000000000000000000000000000000000000000001,0,3,2017-01-30 12:47:08,0x89205a3a3b2a69de6dbf7f01ed13b2108b2c43e7,7,0.0
187,0x7cf9348fddf7a0c92fa2f384da616ceb4021a22632ed0b732f3114fe607e36d4,3120085,220215,,854360,0x93cecf07e04fe27cc2f2a5b8073c0a262feb7558,152102,20000000000,37102,0xb94d8680c7923de0c507af66508efaf359a61877e6d58e1575c1903f53ef88a1,0xa9059cbb0000000000000000000000002048a301ee41de509d4e4d83f2bca8035558731a0000000000000000000000000000000000000000000000000000000000000001,0,23,2017-02-04 07:26:16,0x89205a3a3b2a69de6dbf7f01ed13b2108b2c43e7,21,0.0
188,0x7e594efb8a19ede75d40b727b9c94c534c59ad7423278d7b6fb012cf48f6df32,3122263,218037,,203797,0xaff48892472254c3d67e8d56b807206d01df41fa,137102,20000000000,37102,0xdd28e070a18eaa2dc22839cbb2a514a496574ee15fbc9919be56c31724df6c71,0xa9059cbb000000000000000000000000d0c0c9d8ead462e75b3fa00f30fe02418e0c6a970000000000000000000000000000000000000000000000000000000000000001,0,30,2017-02-04 16:09:35,0x89205a3a3b2a69de6dbf7f01ed13b2108b2c43e7,6,0.0
189,0x35f55f97b3dcdfd5810cba81127a88bd71f85b8fcc7ce197243f66a4c5ef8385,3122731,217569,,184102,0x9686aa43336d6aafaabfc9216927460784e7d7b2,137102,20000000000,37102,0xea3199ec803a872ab5bcb1521da916e54020dd5d2b9386a16365e266674eb50f,0xa9059cbb000000000000000000000000c855d3186311134fea78f26a705ee7de8eeab02c0000000000000000000000000000000000000000000000000000000000000001,0,30,2017-02-04 17:56:43,0x89205a3a3b2a69de6dbf7f01ed13b2108b2c43e7,7,0.0
190,0x5c493227ba80feeed819039cb4c361feb4cf1481d9d897ee519d81e34faa8dd7,3128249,212051,,576466,0xaff48892472254c3d67e8d56b807206d01df41fa,137038,20000000000,37102,0x8ec49a31a0687333f09c8a2d1e5463e35e126898d53f591e99173caae175eea7,0xa9059cbb00000000000000000000000039104e76fe304db166f9f607cffbe78a7b2b14e10000000000000000000000000000000000000000000000000000000000000001,0,32,2017-02-05 15:35:19,0x89205a3a3b2a69de6dbf7f01ed13b2108b2c43e7,18,0.0
191,0x308573caf9e16abb543d3769542f57f46ddc8bc906a88fbcc818467ab87892c2,3128324,211976,,79102,0xaff48892472254c3d67e8d56b807206d01df41fa,137102,20000000000,37102,0x3021d96f3cd4cdcdd06844c85bbe01fdabe1d389af0396a588e1aae6e15137ec,0xa9059cbb00000000000000000000000039104e76fe304db166f9f607cffbe78a7b2b14e10000000000000000000000000000000000000000000000000000000000000001,0,34,2017-02-05 15:50:17,0x89205a3a3b2a69de6dbf7f01ed13b2108b2c43e7,2,0.0
192,0x57d35b0947a07d70f0a412907de8901dcabd49d155a3a8c461c5ecfc699719fb,3133878,206422,,37038,0x319946734fd97359d01f350e892540fdb244eb7b,57038,41000000000,37038,0xfb7b951496eb0ecb456df60c34f4c28892cf4bb0aa3d606355fe7da51d1fcc6f,0xa9059cbb00000000000000000000000025fadbf1730417791fd503000f57dbdef132dd4c0000000000000000000000000000000000000000000000000000000000000001,0,2,2017-02-06 14:01:47,0x89205a3a3b2a69de6dbf7f01ed13b2108b2c43e7,0,0.0
193,0x7832de6b6e29b6e1ca91a1ff54bb2655beebd7b2d6a39185432691ada45590be,3133908,206392,,37102,0x25fadbf1730417791fd503000f57dbdef132dd4c,57102,41000000000,37102,0x3551ab173ddd7082070c32c9fe0771ecbccad52b41da1b0b40f82eb95e3754b8,0xa9059cbb0000000000000000000000005bc11e0d94cb61dd88fc61da2964aceb19b2fd6e0000000000000000000000000000000000000000000000000000000000000001,0,0,2017-02-06 14:09:16,0x89205a3a3b2a69de6dbf7f01ed13b2108b2c43e7,0,0.0
194,0x161c071b24112dff71e0c270fefc45ef8b1ea43709ef05a0682b8ac6f0cb919a,3172963,167337,,245911,0xb588cdf95fef8ed0a7e37c99fd356e3b7edba79a,152102,21000000000,37102,0x52c9f62a150b99c9187cda5524ac836232445b3900d551243aee2837b9806370,0xa9059cbb0000000000000000000000008899ab6eefc53eed3adbbec6598794725e58bec80000000000000000000000000000000000000000000000000000000000000001,0,26,2017-02-13 01:26:05,0x89205a3a3b2a69de6dbf7f01ed13b2108b2c43e7,6,0.0
195,0xdc131e8151945d70c316b064f4785712db2e69f841d853fb607d92aadc65f7ea,3187926,152374,,1422393,0xade785b2759eb66d7069cdfdfd6c44845597f3d9,152102,20000000000,37102,0x8f4e38fc0902c013b948d86f23ae3d9977e9da8bcec0b3a6ba4db05f15030777,0xa9059cbb000000000000000000000000bdc21fae769d7f5469993d8e83b465495d88cfc00000000000000000000000000000000000000000000000000000000000000005,0,28,2017-02-15 12:48:36,0x89205a3a3b2a69de6dbf7f01ed13b2108b2c43e7,22,0.0
196,0x112e18f55f29ac7c304606d6f7b7801bd837065bdb8af8b3855db0d5a44bf727,3188881,151419,,398339,0xa50949e7a94cbef5d7a145dc2e61b55cdf4181b1,44446,20000000000,37038,0xcb01d3c2ff81e4ebd1044b2792b38a005987cba0feb2b05ac0299c3e32516b0c,0xa9059cbb00000000000000000000000070216dad1da9824aa0de60bb8c18a81150150c470000000000000000000000000000000000000000000000000000000000000000,0,91,2017-02-15 16:26:20,0x89205a3a3b2a69de6dbf7f01ed13b2108b2c43e7,15,0.0
197,0xe7526cfc77c2dbd283b3bb1e86cc6261de111f526db9d697fd484f9fa686e001,3231350,108950,,58102,0xf3731a397d198a526ef77bd99906873936f05ab8,57102,41000000000,37102,0xe7bfed311c32ab411c2948e254bddb3c66c29244cc72bd51a1bfa2c73cc1bbed,0xa9059cbb0000000000000000000000003b06bc7b205f1a827f6504244db7a8f5b0bf7dfa0000000000000000000000000000000000000000000000000000000000000001,0,39,2017-02-22 17:34:54,0x89205a3a3b2a69de6dbf7f01ed13b2108b2c43e7,1,0.0
198,0x39149c0b4a208e5ca5f8a586ab78584a748a52a58eb8d1d24c1cec13d2cd547f,3243955,96345,,400409,0x0cddbbf2871745b092e5b91eed3066e890999b60,62446,21787669128,52038,0xb912c27bc4fae68d4b1cf03cfb87b236baaffc129befa195f6ba52a16835e6b3,0xa9059cbb00000000000000000000000000f8a098074521e4df7ac179fcb4ba8b7ea7b0a00000000000000000000000000000000000000000000000000000000000000001,0,83,2017-02-24 19:50:32,0x89205a3a3b2a69de6dbf7f01ed13b2108b2c43e7,7,0.0
199,0xb0b859ce869169994991ba54ab7b163c30feccd167c198c799565c8c74802e6c,3243966,96334,,79038,0x0cddbbf2871745b092e5b91eed3066e890999b60,62446,21787669128,37038,0x8c67809e12ad921b8e92722e4423d4d74c6a702c318dd040e3bdf62297efcd9b,0xa9059cbb0000000000000000000000000073ecd151f1c89898759982a10f60ac3213785c0000000000000000000000000000000000000000000000000000000000000001,0,85,2017-02-24 19:53:15,0x89205a3a3b2a69de6dbf7f01ed13b2108b2c43e7,2,0.0
200,0xcae09649d92600f82d2ccae12071dc9491cbc7a7020d9d9dd465f3314245faa3,3249819,90481,,512608,0x0dbd759dfb2fc8b133bf0002d9f09aa22d825e4f,152102,20000000000,37102,0x917a11398ae695f3692794128648d8422781e7d0636154c14b5b6d03b3b47e4a,0xa9059cbb000000000000000000000000f2cb9f99e5332449631370920844a97f2ac8ad800000000000000000000000000000000000000000000000000000000000000001,0,117,2017-02-25 19:03:58,0x89205a3a3b2a69de6dbf7f01ed13b2108b2c43e7,11,0.0
201,0xa31065ef8b5638ce9b4d11fc939257ce0cec2413e56f9e04dfe608ec18a8523b,3252003,88297,,35822,0xa13c57f43c4edc375c337037442d1ac3cc7eb1df,150822,20000000000,35822,0xf67b6eb33b887ced015317a6b80064fce52c84be18b8d4bc6c936559d3e8d117,0xa9059cbb00000000000000000000000000000000000000000000000000000000000000000000000000000000000000000000000000000000000000000000000000000001,0,50,2017-02-26 03:56:46,0x89205a3a3b2a69de6dbf7f01ed13b2108b2c43e7,0,0.0
202,0x109c5a316a9a953a828ba1a312d8ad5c3a38dd73e3957fdc74d57d5ce9579e49,3255789,84511,,121102,0x9b2ded3dd5e8dba4412a670ba4acc2dbf5359cb1,152102,20000000000,37102,0x426a952ae4da367441a0bda512ba3177d13fa642945755f368fc3edf588ef0fc,0xa9059cbb0000000000000000000000009826a3f9f716b17519a9bbbf6cfc1f19c27479e40000000000000000000000000000000000000000000000000000000000000001,0,2,2017-02-26 18:58:52,0x89205a3a3b2a69de6dbf7f01ed13b2108b2c43e7,4,0.0
203,0x23a530e3efa698987399a3509a084d48b4a5560dd108d6631b64d811e1200c6f,3270366,69934,,37102,0x262aed4bc0f4a4b2c6fb35793e835a49189cdfec,57102,41000000000,37102,0x1421f79d1a945a9fc439ca4aa60b58face89909a8e5f99a71c55cec0b0c6c4a3,0xa9059cbb000000000000000000000000a2a85417ac6d28848e244b8305cb1035681e8e180000000000000000000000000000000000000000000000000000000000000004,0,54,2017-03-01 04:55:13,0x89205a3a3b2a69de6dbf7f01ed13b2108b2c43e7,0,0.0
204,0x4fec89ed48f96c683fd5a6fc93ed7169fd07860d06ec115ad3c87654e57b48d9,3272873,67427,,738392,0x5c7fa49069769a150ca9f83d8e54c9a75b57ab3b,152038,20000000000,37038,0x813d285d5e307458358caf67be9148c7f920efa01563131d6d301badc0369a8f,0xa9059cbb0000000000000000000000000ed44e019ed543805e593cce48d1e229e200e8ab0000000000000000000000000000000000000000000000000000000000000001,0,23,2017-03-01 15:00:01,0x89205a3a3b2a69de6dbf7f01ed13b2108b2c43e7,25,0.0
205,0x32dccbf44aa05d2c315b936002321f9f87789b6640a3eed8bfae9875534087b8,3274337,65963,,58102,0x4e20fe4e216d86e1cb19dd9ee8879e3605a31e45,57102,41000000000,37102,0xeedf773ee2d0b946ae383c0f7e1447fd93c0913ef7ea8253e051f0aa73c15ddc,0xa9059cbb0000000000000000000000004df351be72f0c54966f2790c2aff9d424c03df700000000000000000000000000000000000000000000000000000000000000001,0,7,2017-03-01 20:47:54,0x89205a3a3b2a69de6dbf7f01ed13b2108b2c43e7,1,0.0
206,0x27c6ef864343fbaaf4d4b79c479e355dcf8c2912ded50f2f6d1e6db3e42fafc3,3291501,48799,,106236,0xb5299731e82f01841493308733e08b5f674e72fa,143237,20000000000,43236,0x8555bbe8a7623af232bf2adc8de11a3781a63451dc8fb99a3728b3b9bbe10280,0x095ea7b3000000000000000000000000ef75ba99bb2f0877fac6a10034976a45a69bee88000000000000000000000000000000000000000000000000000000000000003d,0,70,2017-03-04 17:07:00,0x89205a3a3b2a69de6dbf7f01ed13b2108b2c43e7,3,2387254641.0
207,0x00d8cace1566c5832de7bd4c72a234355c41761721ef05b39c2eb93518787cfa,3294446,45854,,22102,0x0e4f8548ff556f6f15da9bcd0624449fa3a56cb6,137102,23000000000,22102,0x7a80ea8d509118a5ab3c4fdd3291c8a90f23ddf8bf92fa9df88b764efd7bfa3c,0xa9059cbb0000000000000000000000000dac4ce8c8f3a00a9e97f01e05e8bbd10fc2b20b0000000000000000000000000000000000000000000000000000000000000001,0,20,2017-03-05 04:49:02,0x89205a3a3b2a69de6dbf7f01ed13b2108b2c43e7,0,0.0
208,0x19171b82441af1833e7ae2e7cb032ba0977a0bf9face2e9255a4728a36475a42,3294448,45852,,22102,0x130dea9f67e2351961afde45cd25fb89b11881af,137102,55000000000,22102,0x1ac8f68862f2e19c44a671c31a931eb347f0a40b87c0892e6d2c02971c59bb8b,0xa9059cbb0000000000000000000000000dac4ce8c8f3a00a9e97f01e05e8bbd10fc2b20b0000000000000000000000000000000000000000000000000000000000000001,0,56,2017-03-05 04:49:55,0x89205a3a3b2a69de6dbf7f01ed13b2108b2c43e7,0,0.0
209,0xc9ee4bc126059b2ad1419a97bfa4c3861b17d6a6dd18634dc29a74880b7f3ef8,3294461,45839,,110281,0x0dac4ce8c8f3a00a9e97f01e05e8bbd10fc2b20b,152103,28000000000,52102,0x6c70a1cf85085797696ea17892cf5e4f54ac845b8ae73bab58ac7c4837c07e09,0xa9059cbb000000000000000000000000736533539c0773b53cc8d30242e08bbe849c5a0f0000000000000000000000000000000000000000000000000000000000000001,0,202,2017-03-05 04:52:35,0x89205a3a3b2a69de6dbf7f01ed13b2108b2c43e7,2,0.0
210,0xab852cf317cd95d833889ed32e6cf6620aeec6537749d9fd17a74a9b06718eca,3327623,12677,,127882,0xfd7ce90f10493d45d3c4b184462cbbe5e937cd4a,152102,20000000000,37102,0x267d297af08e2f302784162f7b15d0dc4e661443e4493960b40366fca24e1ea2,0xa9059cbb0000000000000000000000003e12de329021ad045c16caa8950c56588715e6af0000000000000000000000000000000000000000000000000000000000000003,0,13,2017-03-10 17:55:56,0x89205a3a3b2a69de6dbf7f01ed13b2108b2c43e7,1,0.0
211,0x3e8d29d30fb3531169ea1fe62f705985c1016dd50501ca85ccbc9be6b2ce350f,3332520,7780,,1007517,0x962be5bb8013a6631f438cf5f8a72ce6e7f64d2f,152103,20000000000,52102,0xe43b28a3696cc8f1b4f4916b809c59619845baa08e8c5a3624a040895b6eaf55,0xa9059cbb000000000000000000000000edfc5aad2e41e6974c86afe1c34e2319845118b20000000000000000000000000000000000000000000000000000000000000001,0,3,2017-03-11 13:34:25,0x89205a3a3b2a69de6dbf7f01ed13b2108b2c43e7,32,0.0
212,0x77c02763cba0a3f3759343d065d350d85a8a7cbbb42b17cc86e3a59003617194,3332531,7769,,119572,0x962be5bb8013a6631f438cf5f8a72ce6e7f64d2f,137102,20000000000,22102,0x4905ea725c10e668cb15db9c3a3bd29b053ae858457d7ae8f142289420360d24,0xa9059cbb000000000000000000000000edfc5aad2e41e6974c86afe1c34e2319845118b20000000000000000000000000000000000000000000000000000000000000001,0,4,2017-03-11 13:37:00,0x89205a3a3b2a69de6dbf7f01ed13b2108b2c43e7,4,0.0
213,0xfb8e75c4fcfc9ba9289e6e2bd12ae4ee7b974d2648b2a0953dbf49dc7026f840,3332548,7752,,346964,0xedfc5aad2e41e6974c86afe1c34e2319845118b2,152103,20000000000,52102,0x25a3a9d52b64c0dd6d99a3dd94d925ae672bce1e52c954f381c7958352200089,0xa9059cbb000000000000000000000000962be5bb8013a6631f438cf5f8a72ce6e7f64d2f0000000000000000000000000000000000000000000000000000000000000001,0,2,2017-03-11 13:40:17,0x89205a3a3b2a69de6dbf7f01ed13b2108b2c43e7,6,0.0
214,0xd41ee6364370dafa046a91bd8ab557214513c234f7024f65120038d07c29c32a,3332648,7652,,1779803,0x962be5bb8013a6631f438cf5f8a72ce6e7f64d2f,137102,20000000000,22102,0x7fcf326127eabf3d2510fdf540a322c928d2164e025e41c56fd72df857bede8a,0xa9059cbb000000000000000000000000edfc5aad2e41e6974c86afe1c34e2319845118b20000000000000000000000000000000000000000000000000000000000000001,0,6,2017-03-11 14:06:54,0x89205a3a3b2a69de6dbf7f01ed13b2108b2c43e7,46,0.0
